reference,2911680932,VEVQ02.fasta,2911654447,GCF_014279975.1_ASM1427997v1_genomic,2619619007,GCF_006385555.1_ASM638555v1_genomic,VKDC01.fasta,2920829172,2920780691,2911672189,GCF_003612775.1_ASM361277v1_genomic,2574179777,SZQF01.fasta,VATY01.fasta,2917530833,2911685121,WOWS01.fasta,2563366763,2622736501,2675903221,2920838192,2556921603,VLNR01.fasta,2510065028,GCF_009176705.1_ASM917670v1_genomic,2695420972,2616645036,2509601046,2920755722,GCF_000264455.2_ASM26445v2_genomic,GCF_014023275.1_ASM1402327v1_genomic,GCF_000429125.1_ASM42912v1_genomic,2523231023,2588254304,2716884990,MSMP01.fasta,2619619009,2772190739,GCF_900141855.1_IMG-taxon_2622736519_genomic,2510065011,GCF_001767235.1_ASM176723v1_genomic,2731957717,2923875786,BLIK01.fasta,LQZQ01.fasta,LCTZ01.fasta,2770939501,2509276002,2721755529,2619619006,2509601041,QFZQ01.fasta,2910277695,GCF_001310225.1_ASM131022v1_genomic,2551306140,2509601031,2616644818,2911948674,2718218091,2574179776,GCF_000020585.3_ASM2058v3_genomic,2911689423,GCF_003352105.1_ASM335210v1_genomic,BLIH01.fasta,GCF_000016425.1_ASM1642v1_genomic,2923862544,2675903232,2724679732,2923884989,2517093012,2841412109,2509276000,JAFLND01.fasta,JABTEL01.fasta,RBCJ01.fasta,GCF_016803985.1_ASM1680398v1_genomic,QFFG01.fasta,VDCS01.fasta,2911706278,2728369621,GCF_018141105.1_ASM1814110v1_genomic,GCF_003054475.1_ASM305447v1_genomic,WUDS01.fasta,GCF_000018265.1_ASM1826v1_genomic,2911728605,2510065008,GCF_008824145.1_ASM882414v1_genomic,GCF_008121535.1_ASM812153v1_genomic,GCF_009938225.1_ASM993822v1_genomic,JACNMJ01.fasta,2681813549,GCF_000161795.2_ASM16179v2_genomic,2561511149,2718217948,2502171179,GCF_000817775.2_ASM81777v2_genomic,2915080438,GCF_002776575.1_ASM277657v1_genomic,GCF_009938185.1_ASM993818v1_genomic,2718218442,2509276001,JAEPJQ01.fasta,GCF_018282095.1_ASM1828209v1_genomic,2718217747,2718217850,2503982036,VTZU01.fasta,GCF_001877055.1_ASM187705v1_genomic,BLII01.fasta,2718217812,GCF_000723205.1_FAGA1_genomic,649633031,2519899636,2911658885,2923893812,2920833842,QFRI01.fasta,2515154130,2718217928,GCF_014280235.1_ASM1428023v1_genomic,2695420979,2619619092,JAGJEC01.fasta,2791354970,
2911680932,100.0,0.07,8.45,0.06,0.02,0.09,0.06,17.62,4.36,8.77,0.11,0.08,0.0,0.09,0.07,19.78,0.0,0.03,1.34,0.0,37.43,0.07,0.0,0.26,0.06,0.0,0.0,0.0,13.07,0.2,0.06,0.09,0.03,0.13,0.07,0.0,0.03,0.0,0.09,0.06,0.06,0.04,11.88,0.08,0.0,0.08,0.08,0.0,0.13,0.01,0.06,0.0,0.0,0.0,0.0,0.06,0.03,0.09,0.07,0.1,0.09,26.16,0.14,0.03,0.08,11.46,0.0,0.07,2.03,0.09,0.26,0.0,0.0,0.0,0.0,0.08,0.07,0.01,5.69,0.1,0.08,0.06,0.08,0.08,15.56,0.06,0.08,0.06,0.06,0.08,0.08,0.06,0.06,0.01,4.18,0.06,0.08,0.16,0.08,0.02,0.0,0.0,0.16,0.12,0.11,0.06,0.08,0.08,0.03,0.16,0.08,0.08,0.05,7.07,13.12,25.44,0.07,0.09,0.01,0.06,0.0,0.08,0.0,0.08,
VEVQ02.fasta,0.06,100.0,0.06,0.05,0.02,0.06,0.18,0.06,0.0,0.0,0.07,0.05,0.66,0.37,0.2,0.06,0.65,0.02,0.04,0.0,0.06,0.44,1.34,0.07,0.07,0,0.0,0.01,0.0,0.06,0.05,0.69,0.49,0.0,0.09,1.16,0.03,1.44,0.34,0.05,0.05,0.0,0.0,0.11,0.14,0.33,0.08,0,0.07,0.0,0.09,0.08,0.43,0.45,1.34,0.05,0.02,0.06,0.06,0.08,0.07,0.06,0.06,1.18,0.06,0.0,0.01,0.02,0.06,0.08,0.07,0.0,0.33,1.45,0.21,0.05,0.82,0.63,0.06,0.07,0.06,0.05,0.75,0.06,0.06,0.05,0.07,0.05,0.07,0.43,0.88,0.05,0.02,0.0,0.07,0.05,0.7,0.06,0.07,0.0,0.0,0.64,0.07,0.06,0.06,0.05,2.04,0.07,0.91,0.07,0.39,0.07,0.02,0.0,0.06,0.06,0.22,0.0,0.05,0.05,0,0.28,0.61,0.11,
2911654447,27.0,0.07,100.0,0.06,0.01,0.08,0.05,26.61,20.92,26.13,0.12,0.07,0.0,0.08,0.06,21.45,0.0,0.03,2.14,0.0,11.13,0.07,0.0,3.5,0.06,0.0,0.0,0.0,24.72,0.4,0.06,0.08,0.03,0.16,0.06,0.0,0.03,0.0,0.08,0.06,0.06,0.01,34.22,0.07,0.0,0.08,0.08,0.0,0.53,0.01,0.05,0.0,0.0,0.0,0.0,0.06,0.02,0.08,0.2,0.09,0.08,29.59,2.84,0.04,0.08,31.81,0.0,0.03,15.4,0.09,3.5,0.0,0.0,0.0,0.0,0.08,0.07,0.0,12.42,0.08,0.12,0.06,0.08,0.08,18.21,0.06,0.1,0.06,0.06,0.07,0.08,0.07,0.08,0.09,5.96,0.06,0.07,0.33,0.08,0.1,0.0,0.0,0.47,0.33,0.25,0.06,0.07,0.11,0.03,0.5,0.08,0.07,0.06,31.81,21.82,5.36,0.08,0.16,0.3,0.08,0,0.08,0.0,0.08,
GCF_014279975.1_ASM1427997v1_genomic,0.13,0.1,0.1,100.0,0.03,0.18,0.13,0.13,0.14,0.13,0.24,0.1,0.1,0.1,0.09,0.15,0.14,0.08,0.09,0.09,0.1,0.19,0.09,0.21,0.19,0.0,0.01,0.31,0.13,0.2,0.56,0.14,0.07,0.04,0.1,0.09,0.05,0.09,0.1,0.28,0.65,0.09,0.11,0.08,0.1,0.18,0.1,0,0.2,0.09,0.19,0.1,0.09,0.1,0.09,0.46,0.09,0.18,0.26,0.14,0.19,0.14,0.24,0.06,0.19,0.11,0.09,0.07,0.1,0.31,0.21,0.0,0.1,0.1,0.1,0.26,0.15,0.1,0.1,0.1,0.23,0.54,0.09,0.24,0.14,0.23,0.29,0.57,0.19,0.1,0.1,11.69,0.08,0.2,0.1,0.66,0.1,0.1,0.18,0.15,0.0,0.09,0.2,0.24,0.2,0.35,0.1,0.22,0.03,0.21,0.19,0.19,0.13,0.14,0.14,0.14,0.09,0.06,0.19,3.98,0,0.18,0.1,0.29,
2619619007,0.02,0.03,0.02,0.03,100.0,0.03,0.03,0.02,0.0,0.0,0.03,0.03,0.0,0.03,0.02,0.02,0.0,0.01,0.03,0.45,0.03,0.03,0.0,0.03,0.03,0.0,0,0.0,0.0,0.03,0.03,0.03,0.0,0.0,0.03,0.0,1.49,0.02,0.03,0.03,0.03,0.0,0.0,0.01,0.0,0.03,0.23,0,0.03,4.27,0.03,0.0,0.0,0.0,0.0,0.03,16.12,0.03,0.02,0.02,0.05,0.03,0.03,0.02,0.03,0.0,0.13,0.0,0.03,0.03,0.03,0,0.0,0.0,0.0,0.03,0.03,0.03,0.02,0.03,0.03,0.03,0.03,0.03,0.03,0.03,0.03,0.03,0.02,0.03,0.03,0.03,0.03,0.0,0.03,0.03,0.03,0.03,0.02,0.0,0,0.02,0.0,0.03,0.02,0.03,0.03,0.02,0.06,0.03,0.03,0.03,0.02,0.0,0.02,0.03,0.03,0.0,0.03,0.03,0.0,0.03,0.0,0.03,
GCF_006385555.1_ASM638555v1_genomic,0.31,0.31,0.32,0.43,0.07,100.0,0.32,0.31,0.32,0.31,0.43,0.29,0.25,0.31,0.29,0.31,0.28,0.19,0.31,0.29,0.31,0.55,0.28,0.61,1.86,0,0.01,0.28,0.31,0.7,0.38,0.44,0.24,0.13,0.22,0.24,0.11,0.2,0.3,0.21,0.53,3.15,0.31,0.97,0.32,0.58,0.33,0.04,0.64,0.29,0.41,0.2,0.29,0.23,0.29,0.4,0.23,100.0,0.78,0.4,1.65,0.3,0.6,1.26,0.43,0.32,0.27,0.19,0.3,1.05,0.61,0.0,0.29,0.2,0.22,0.54,0.22,0.24,0.3,1.16,0.41,0.41,0.23,0.43,0.31,0.21,0.41,0.43,1.6,0.2,0.3,0.43,0.2,0.39,0.3,0.21,0.23,0.21,1.81,0.39,0.0,0.29,0.7,0.63,0.63,0.4,0.31,0.4,0.8,0.65,0.41,0.63,0.34,0.32,0.3,0.31,0.21,0.14,0.42,0.42,0.0,0.56,0.28,0.45,
VKDC01.fasta,0.03,0.11,0.03,0.04,0.01,0.05,100.0,0.03,0.0,0.0,0.04,0.05,0.02,0.08,0.08,0.03,0.04,0.01,0.01,0.0,0.03,0.07,0.16,0.03,0.03,0,0.0,0.01,0.0,0.04,0.03,0.07,0.05,0.0,0.06,0.07,0.01,0.0,0.05,0.03,0.03,0.0,0.0,0.06,0.14,0.03,0.03,0,0.04,0.0,0.08,0.14,0.02,0.0,0.03,0.03,0.01,0.05,0.03,0.03,0.03,0.03,0.03,0.06,0.03,0.0,0.0,0.01,0.03,0.04,0.03,0.0,0.02,0.03,0.03,0.03,0.07,0.04,0.03,0.03,0.04,0.03,0.07,0.03,0.03,0.03,0.04,0.03,0.04,0.08,0.1,0.05,0.03,0.0,0.03,0.03,0.06,0.04,0.04,0.0,0,0.0,0.04,0.04,0.04,0.03,0.13,0.04,0.06,0.04,0.06,0.05,0.01,0.0,0.03,0.03,0.07,0.0,0.04,0.03,0,0.05,0.05,0.05,
2920829172,10.77,0.06,12.62,0.06,0.01,0.08,0.05,100.0,37.32,24.3,0.07,0.07,0.0,0.07,0.06,11.77,0.01,0.02,1.33,0.0,14.79,0.06,0.0,0.97,0.06,0.0,0.0,0.0,20.66,0.22,0.06,0.07,0.03,0.08,0.06,0.0,0.03,0.0,0.08,0.05,0.06,0.08,45.21,0.06,0.0,0.07,0.07,0.0,0.11,0.01,0.05,0.0,0.0,0.0,0.0,0.06,0.02,0.08,0.05,0.09,0.08,27.96,0.52,0.03,0.07,32.76,0.0,0.03,6.41,0.08,0.97,0.0,0.0,0.0,0.0,0.07,0.06,0.01,15.18,0.07,0.07,0.06,0.07,0.07,25.13,0.05,0.07,0.06,0.05,0.07,0.08,0.06,0.05,0.02,2.75,0.06,0.07,0.11,0.08,0.04,0.0,0.0,0.12,0.09,0.17,0.06,0.07,0.07,0.03,0.17,0.07,0.07,0.07,24.76,6.62,15.27,0.07,0.07,0.14,0.06,0.0,0.07,0.0,0.07,
2920780691,12.53,0.0,27.85,0.06,0.0,0.08,0.0,47.98,100.0,16.22,0.08,0.0,0.07,0.0,0.0,18.18,0.08,0.04,2.17,0.07,12.94,0.07,0.07,2.53,0.06,0.0,0.0,0.06,26.02,0.12,0.06,0.03,0.03,0.04,0.0,0.07,0.0,0.07,0.0,0.0,0.06,0.14,42.79,0.0,0.07,0.08,0.0,0.01,0.18,0.05,0.05,0.05,0.08,0.07,0.08,0.06,0.04,0.08,0.05,0.0,0.08,31.02,1.48,0.06,0.08,54.71,0.07,0.05,12.84,0.08,2.53,0.0,0.08,0.07,0.08,0.08,0.0,0.08,14.48,0.01,0.08,0.06,0.0,0.08,22.05,0.0,0.08,0.06,0.06,0.0,0.0,0.06,0.0,0.06,3.66,0.0,0.0,0.0,0.08,0.07,0.0,0.08,0.15,0.1,0.26,0.06,0.0,0.08,0.0,0.1,0.08,0.08,0.05,54.02,15.58,4.68,0.0,0.24,0.26,0.06,0,0.08,0.08,0.08,
2911672189,23.76,0.0,23.94,0.06,0.0,0.07,0.0,33.24,14.64,100.0,0.07,0.0,0.07,0.0,0.0,46.25,0.08,0.03,1.44,0.07,9.1,0.07,0.07,1.04,0.06,0.0,0.01,0.06,25.17,0.1,0.06,0.03,0.03,0.06,0.0,0.06,0.0,0.07,0.0,0.0,0.06,0.14,31.61,0.0,0.06,0.07,0.0,0.03,0.09,0.04,0.05,0.05,0.07,0.07,0.08,0.06,0.03,0.07,0.05,0.0,0.08,54.22,0.4,0.05,0.07,14.86,0.07,0.04,6.36,0.08,1.04,0.0,0.07,0.07,0.07,0.07,0.0,0.08,9.32,0.01,0.07,0.06,0.0,0.07,54.98,0.0,0.07,0.06,0.05,0.0,0.0,0.06,0.0,0.05,3.73,0.0,0.0,0.0,0.08,0.07,0.0,0.08,0.13,0.09,0.19,0.06,0.0,0.07,0.0,0.09,0.07,0.07,0.05,8.24,17.4,25.74,0.0,0.11,0.09,0.06,0,0.07,0.07,0.07,
GCF_003612775.1_ASM361277v1_genomic,0.07,0.05,0.07,0.14,0.02,0.1,0.04,0.09,0.1,0.11,100.0,0.05,0.09,0.04,0.03,0.06,0.09,0.05,0.07,0.09,0.07,0.12,0.09,0.15,0.14,0.0,0.0,0.1,0.12,0.38,0.11,0.09,0.05,0.07,0.06,0.08,0.02,0.09,0.05,0.04,0.14,0.09,0.1,0.04,0.07,0.13,0.05,0.03,0.36,0.07,0.11,0.07,0.09,0.09,0.08,0.14,0.06,0.1,0.28,0.16,0.13,0.06,0.16,0.1,5.73,0.12,0.09,0.05,0.06,0.12,0.15,0.0,0.09,0.09,0.09,4.59,0.04,0.1,0.07,0.04,5.61,0.11,0.05,6.16,0.09,0.05,5.67,0.11,0.1,0.04,0.04,0.14,0.28,0.18,0.07,0.05,0.04,0.07,0.1,0.25,0.0,0.09,0.16,0.4,0.18,0.14,0.04,4.32,0.02,0.3,0.13,0.14,0.06,0.11,0.06,0.07,0.04,0.05,0.23,0.25,0,0.14,0.08,0.13,
2574179777,0.18,0.59,0.18,0.14,0.05,0.18,0.33,0.18,0.0,0.0,0.18,100.0,0.76,1.71,0.27,0.18,0.74,0.12,0.11,0.0,0.18,1.58,0.48,0.18,0.18,0.0,0.0,0.04,0.0,0.19,0.13,0.72,8.36,0.0,0.24,0.15,0.06,0.57,2.01,0.13,0.13,0.0,0.0,0.23,0.17,1.26,0.22,0,0.18,0.01,0.3,0.06,2.59,0.68,0.79,0.14,0.06,0.18,0.16,0.19,0.19,0.18,0.18,0.51,0.17,0.0,0.01,0.06,0.18,0.2,0.18,0.0,1.18,0.52,1.84,0.17,0.72,0.86,0.18,0.19,0.17,0.13,0.88,0.18,0.18,0.13,0.18,0.13,0.19,0.9,2.16,0.14,0.06,0.0,0.18,0.14,0.44,0.13,0.19,0.0,0.0,0.79,0.18,0.17,0.16,0.13,0.89,0.17,0.69,0.18,0.7,2.62,0.06,0.0,0.18,0.18,0.77,0.0,0.14,0.14,0,3.15,1.53,0.94,
SZQF01.fasta,0.0,1.68,0.0,0.07,0.0,0.07,0.06,0.0,0.1,0.09,0.09,0.49,100.0,1.32,0.24,0.0,10.8,0.04,0.04,0.07,0.0,0.25,2.3,0.1,0.07,0,0,0.08,0.09,0.11,0.07,0.96,1.57,0.0,0.0,1.61,0.0,2.06,0.14,0.0,0.07,0.07,0.09,0.03,0.49,0.55,0.05,0.01,0.1,0.06,0.13,0.28,1.25,1.34,2.39,0.07,0.05,0.07,0.07,0.0,0.07,0.01,0.09,2.47,0.09,0.1,0.11,0.04,0.0,0.08,0.1,0.0,0.21,4.54,0.77,0.1,1.64,3.54,0.0,0.03,0.1,0.07,5.16,0.09,0.0,0.0,0.1,0.07,0.07,6.28,0.56,0.07,0.0,0.03,0.0,0.0,12.46,0.0,0.07,0.03,0.0,2.06,0.11,0.09,0.07,0.07,1.58,0.1,2.76,0.1,0.58,0.66,0.04,0.1,0.0,0.0,2.62,0.04,0.07,0.07,0.0,0.14,0.55,0.53,
VATY01.fasta,0.07,0.81,0.07,0.05,0.02,0.07,0.13,0.07,0.0,0.0,0.06,0.73,1.29,100.0,0.14,0.07,1.08,0.02,0.04,0.0,0.07,1.33,1.12,0.07,0.07,0,0.0,0.01,0.0,0.07,0.05,0.57,2.25,0.0,0.09,0.44,0.03,0.63,1.17,0.05,0.05,0.0,0.0,0.09,0.13,1.44,0.08,0,0.05,0.01,0.08,0.06,5.32,0.33,1.01,0.05,0.02,0.07,0.06,0.07,0.07,0.07,0.07,0.56,0.06,0.0,0.0,0.02,0.07,0.07,0.07,0,0.04,0.37,1.69,0.06,0.91,1.17,0.07,0.07,0.06,0.05,0.98,0.06,0.07,0.05,0.06,0.05,0.06,0.72,2.03,0.05,0.02,0.0,0.07,0.05,0.38,0.05,0.07,0.0,0.0,0.81,0.07,0.05,0.06,0.05,1.04,0.06,0.98,0.05,0.24,0.87,0.02,0.0,0.07,0.07,0.98,0.0,0.05,0.05,0,1.78,0.44,0.19,
2917530833,0.05,0.15,0.05,0.05,0.01,0.06,0.13,0.05,0.0,0.0,0.04,0.08,0.12,0.11,99.99,0.05,0.12,0.02,0.03,0.01,0.05,0.09,0.17,0.05,0.06,0,0.0,0.01,0.0,0.06,0.04,0.26,0.1,0.01,0.08,0.11,0.02,0.09,0.09,0.04,0.04,0.01,0.0,0.08,0.13,0.08,0.08,0.0,0.05,0.0,0.09,0.04,0.1,0.0,0.16,0.04,0.02,0.06,0.06,0.07,0.06,0.05,0.06,0.13,0.04,0.0,0.01,0.02,0.05,0.07,0.05,0.0,0.0,0.05,0.03,0.04,0.22,0.15,0.05,0.07,0.05,0.04,0.32,0.04,0.05,0.04,0.06,0.04,0.06,0.16,0.09,0.05,0.02,0.0,0.06,0.05,0.11,0.06,0.06,0.0,0,0.08,0.07,0.05,0.05,0.04,0.22,0.06,0.11,0.06,0.15,0.08,0.02,0.0,0.05,0.05,0.13,0.0,0.06,0.05,0.0,0.08,0.03,0.09,
2911685121,27.97,0.06,17.91,0.08,0.02,0.09,0.05,22.16,12.05,37.64,0.09,0.08,0.0,0.08,0.07,100.0,0.0,0.03,1.09,0.0,16.97,0.07,0.0,0.77,0.06,0.0,0.01,0.0,18.48,0.28,0.06,0.08,0.03,0.1,0.07,0.0,0.03,0.0,0.09,0.06,0.06,0.06,23.09,0.07,0.0,0.08,0.08,0.03,0.22,0.01,0.05,0.0,0.0,0.0,0.0,0.06,0.03,0.09,0.08,0.19,0.09,39.54,1.15,0.04,0.08,9.75,0.0,0.03,2.43,0.09,0.77,0.0,0.0,0.0,0.0,0.08,0.06,0.01,19.79,0.09,0.11,0.06,0.08,0.08,41.83,0.06,0.08,0.06,0.06,0.08,0.08,0.06,0.08,0.13,4.51,0.06,0.08,0.24,0.08,0.05,0.0,0.0,0.12,0.28,0.18,0.06,0.08,0.1,0.03,0.38,0.08,0.08,0.05,17.08,23.63,19.45,0.08,0.14,0.15,0.06,0,0.08,0.0,0.08,
WOWS01.fasta,0.0,1.89,0.0,0.11,0.0,0.07,0.08,0.0,0.1,0.1,0.09,0.5,9.49,0.88,0.29,0.0,100.0,0.0,0.04,0.07,0.0,0.94,3.11,0.09,0.06,0.0,0.0,0.07,0.09,0.09,0.07,1.35,1.17,0.0,0.0,1.86,0.02,2.62,0.07,0.0,0.07,0.07,0.09,0.0,0.2,0.37,0.05,0,0.09,0.06,0.11,0.35,1.5,0.39,2.28,0.07,0.04,0.07,0.06,0.0,0.06,0.0,0.08,2.05,0.08,0.1,0.08,0.0,0.0,0.07,0.09,0.0,0.26,17.67,0.71,0.08,2.13,4.21,0.0,0.01,0.08,0.07,5.13,0.09,0.0,0.0,0.08,0.06,0.07,3.74,1.35,0.11,0.0,0.06,0.0,0.0,3.71,0.0,0.07,0.09,0.0,3.42,0.1,0.09,0.07,0.07,1.99,0.09,2.92,0.09,0.75,0.85,0.04,0.1,0.0,0.0,3.33,0.04,0.07,0.07,0,0.36,0.45,0.05,
2563366763,0.02,0.02,0.02,0.02,0.0,0.02,0.02,0.02,0.01,0.0,0.02,0.03,0.0,0.02,0.02,0.02,0.0,100.0,0.03,0.02,0.02,0.02,0.0,0.02,0.02,0.14,0.0,0.01,0.0,0.02,0.02,0.02,0.0,0.0,0.02,0.0,0.02,0.0,0.0,0.0,0.02,0.02,0.0,0.03,0.0,0.02,0.0,0.05,0.02,0.02,0.02,0.0,0.0,0.0,0.0,0.02,0.04,0.02,0.02,0.01,0.02,0.02,0.02,0.02,0.02,0.01,0.02,0.77,0.03,0.02,0.02,0.0,0.0,0.0,0.02,0.02,0.03,0.0,0.02,0.01,0.02,0.02,0.03,0.02,0.02,0.0,0.02,0.02,0.0,0.02,0.02,0.02,0.0,0.02,0.02,0.0,0.02,0.0,0.02,0.02,0.0,0.0,0.02,0.02,0.02,0.02,0.02,0.02,0.02,0.02,0.03,0.03,0.04,0.0,0.02,0.02,0.03,0.02,0.02,0.02,0.0,0.02,0.0,0.03,
2622736501,1.51,0.05,1.69,0.04,0.02,0.05,0.0,1.5,1.97,0.78,0.04,0.05,0.0,0.05,0.04,1.15,0.0,0.06,100.0,0.04,1.87,0.07,0.0,0.68,0.04,0.0,0.0,0.04,1.78,0.06,0.04,0.09,0.0,0.01,0.04,0.0,0.03,0.0,0.05,0.0,0.04,0.09,0.99,0.04,0.0,0.05,0.0,0.01,0.04,0.04,0.03,0.0,0.0,0.0,0.0,0.04,0.06,0.05,0.03,0.0,0.03,1.19,0.46,0.03,0.04,1.79,0.03,0.06,2.05,0.04,0.68,0.0,0.0,0.03,0.0,0.04,0.05,0.0,0.82,0.06,0.04,0.04,0.05,0.04,0.86,0.0,0.04,0.04,0.03,0.05,0.05,0.04,0.03,0.0,5.46,0.0,0.05,0.0,0.06,0.0,0.0,0.0,0.05,0.07,0.04,0.04,0.05,0.04,0.03,0.04,0.04,0.05,0.09,2.22,2.52,1.27,0.05,0.11,0.04,0.04,0,0.05,0.0,0.05,
2675903221,0.0,0.0,0.0,0.08,0.37,0.1,0.0,0.0,0.1,0.1,0.11,0.0,0.08,0.0,0.02,0.0,0.08,0.05,0.04,99.99,0.0,0.11,0.12,0.1,0.1,0.0,0,0.08,0.1,0.11,0.08,0.04,0.04,0.01,0.0,0.12,0.21,0.08,0.0,0.0,0.08,0.11,0.1,0.05,0.11,0.11,1.04,0.01,0.1,0.23,0.08,0.12,0.11,0.08,0.12,0.08,0.07,0.1,0.11,0.0,0.1,0.0,0.1,0.17,0.09,0.1,18.65,0.04,0.0,0.11,0.1,0.0,0.1,0.15,0.1,0.09,0.0,0.12,0.0,0.06,0.08,0.08,0.0,0.09,0.0,0.0,0.12,0.08,0.11,0.04,0.0,0.08,0.0,0.11,0.0,0.0,0.04,0.0,0.11,0.12,0.05,0.12,0.1,0.11,0.1,0.07,0.0,0.12,0.11,0.11,0.08,0.1,0.05,0.1,0.0,0.0,0.0,0.04,0.1,0.08,0.0,0.11,0.15,0.08,
2920838192,39.43,0.07,7.0,0.06,0.02,0.08,0.05,20.45,1.74,11.87,0.08,0.08,0.0,0.08,0.07,13.7,0.01,0.03,1.77,0.0,100.0,0.07,0.0,0.42,0.06,0.0,0.02,0.0,15.05,0.12,0.06,0.08,0.03,0.15,0.07,0.0,0.03,0.0,0.09,0.06,0.06,0.04,10.11,0.07,0.0,0.08,0.08,0.0,0.1,0.01,0.06,0.0,0.0,0.0,0.0,0.06,0.02,0.08,0.05,0.09,0.08,13.86,0.12,0.03,0.08,10.01,0.0,0.03,11.94,0.09,0.42,0.0,0.0,0.0,0.0,0.08,0.07,0.01,6.5,0.1,0.08,0.06,0.07,0.08,13.81,0.06,0.08,0.06,0.06,0.08,0.08,0.06,0.06,0.0,6.16,0.07,0.08,0.09,0.08,0.0,0.0,0.0,0.1,0.1,0.15,0.06,0.07,0.08,0.03,0.1,0.07,0.08,0.06,15.67,7.14,56.26,0.08,0.17,0.06,0.06,0.0,0.08,0.0,0.07,
2556921603,0.0,0.56,0.0,0.02,0.0,0.04,0.1,0.0,0.04,0.03,0.03,0.32,0.13,0.32,0.07,0.0,0.41,0.0,0.0,0.04,0.0,99.94,0.72,0.03,0.04,0,0.0,0.03,0.03,0.04,0.03,0.28,1.82,0.0,0.03,0.66,0.0,0.58,1.72,0.03,0.03,0.02,0.04,0.06,0.18,0.0,0.0,0,0.02,0.02,0.04,0.03,0.37,0.56,0.54,0.03,0.0,0.04,0.03,0.03,0.04,0.0,0.03,0.49,0.04,0.04,0.04,0.0,0.0,0.05,0.03,0,1.26,1.19,2.06,0.03,0.23,0.34,0.0,0.03,0.03,0.03,0.37,0.03,0.0,0.0,0.04,0.03,0.04,0.45,5.08,0.02,0.0,0.02,0.0,0.0,0.81,0.0,0.04,0.04,0.0,0.25,0.03,0.02,0.04,0.03,0.81,0.04,0.74,0.02,0.74,0.43,0.0,0.04,0.0,0.0,0.65,0.0,0.03,0.03,0,0.0,7.05,0.11,
VLNR01.fasta,0.0,0.69,0.0,0.04,0.0,0.04,0.17,0.0,0.04,0.05,0.05,0.0,0.69,0.19,0.14,0.0,0.56,0.0,0.02,0.05,0.0,0.32,100.0,0.05,0.05,0,0.0,0.04,0.04,0.05,0.04,0.57,0.36,0.0,0.01,0.96,0.02,0.8,0.25,0.0,0.04,0.03,0.04,0.0,0.11,0.34,0.04,0.01,0.05,0.03,0.06,0.16,0.24,0.36,1.02,0.05,0.02,0.04,0.04,0.0,0.05,0.0,0.05,0.9,0.05,0.04,0.07,0.0,0.0,0.05,0.05,0,0.24,0.72,0.25,0.04,0.25,0.68,0.0,0.0,0.04,0.03,0.71,0.05,0.0,0.0,0.05,0.03,0.05,0.22,0.48,0.04,0.0,0.03,0.0,0.0,0.37,0.0,0.05,0.05,0.0,0.44,0.05,0.05,0.05,0.03,7.15,0.05,0.62,0.05,0.41,0.06,0.02,0.04,0.0,0.0,0.09,0.02,0.05,0.04,0,0.25,0.3,0.09,
2510065028,8.65,0.22,6.55,0.26,0.06,0.34,0.18,7.4,8.33,9.77,0.34,0.24,0.08,0.25,0.2,11.4,0.08,0.12,4.78,0.08,7.98,0.29,0.08,100.0,0.26,0.0,0.01,0.06,7.37,1.36,0.25,0.28,0.12,0.11,0.2,0.07,0.09,0.08,0.25,0.18,0.25,0.19,7.84,0.22,0.07,0.32,0.24,0.05,1.43,0.07,0.23,0.06,0.08,0.08,0.08,0.25,0.11,0.34,0.28,0.44,0.36,10.65,6.12,0.16,0.33,6.03,0.08,0.12,7.61,0.37,100.0,0.01,0.08,0.07,0.09,0.45,0.22,0.1,9.31,0.27,0.47,0.25,0.25,0.38,8.98,0.18,0.41,0.25,0.24,0.23,0.24,0.33,0.19,0.36,50.42,0.19,0.23,0.7,0.35,0.39,0.0,0.08,0.95,1.41,0.87,0.24,0.25,0.35,0.11,1.33,0.32,0.32,0.15,7.49,7.96,7.23,0.25,0.28,1.1,0.3,0.0,0.31,0.08,0.32,
GCF_009176705.1_ASM917670v1_genomic,0.06,0.07,0.06,0.05,0.03,1.7,0.07,0.06,0.0,0.0,0.07,0.07,0.0,0.07,0.08,0.06,0.01,0.02,0.04,0.01,0.06,0.07,0.01,0.06,100.0,0.01,0.0,0.0,0.0,0.09,0.08,0.08,0.03,0.28,0.05,0.01,0.05,0.0,0.07,0.08,0.08,1.2,0.01,0.84,0.02,0.07,0.14,0.0,0.08,0.07,0.05,0.01,0.0,0.0,0.01,0.05,0.08,1.7,0.75,0.09,1.91,0.06,0.07,1.07,0.05,0.01,0.09,0.02,0.06,0.13,0.06,0.01,0.01,0.01,0.0,0.07,0.05,0.02,0.06,8.19,0.05,0.05,0.08,0.05,0.06,0.05,0.05,0.05,1.79,0.06,0.07,0.05,0.08,0.57,0.06,0.05,0.07,0.06,1.42,0.0,0.01,0.01,0.08,0.08,0.08,0.08,0.07,0.05,1.31,0.08,0.05,0.07,0.16,0.0,0.08,0.06,0.06,0.07,0.06,0.08,0,0.07,0.01,0.05,
2695420972,0.0,0,0.0,0.0,0.0,0,0,0.0,0.0,0.0,0.0,0.01,0,0,0,0.0,0.0,0.2,0.0,0.0,0.0,0,0,0.0,0.0,100.0,0.01,0.0,0.0,0.0,0.0,0.01,0.0,0.0,0,0,0,0.0,0,0.01,0.0,0.0,0.0,0.02,0.0,0,0.0,0.0,0.01,0.0,0,0,0.01,0,0,0.0,0.0,0,0,0.0,0.0,0.01,0.0,0.0,0.01,0.0,0.0,0.19,0.0,0.0,0.0,0.08,0.0,0,0,0.01,0,0,0.0,0.0,0.0,0.0,0,0.01,0.0,0,0.0,0.0,0,0.0,0.0,0,0.04,0.0,0.0,0.0,0,0.0,0,0.0,0.03,0.0,0,0.02,0.0,0,0,0.0,0.0,0.03,0,0,0.02,0.0,0.0,0.02,0,0.01,0.0,0.01,0,0,0,0.0,
2616645036,0.0,0.0,0.0,0.0,0,0.01,0.0,0.0,0.0,0.01,0.0,0.0,0,0.0,0.0,0.01,0.0,0.01,0.0,0,0.02,0.0,0.0,0.0,0.0,0.01,99.99,0.0,0.0,0.02,0.0,0.0,0.0,0.05,0.0,0.01,0,0,0.03,0.01,0,0.01,0.0,0.0,0.0,0.0,0,0.01,0.0,0,0.0,0.0,0.0,0.0,0.0,0.01,0.0,0.01,0.0,0.03,0.02,0.01,0.0,0.0,0.0,0.0,0,0.0,0.01,0.0,0.0,0.0,0,0.0,0.0,0.0,0,0,0.0,0.0,0,0.0,0.0,0.0,0.0,0.0,0.0,0.0,0.0,0.0,0.0,0.0,0.01,0.0,0.01,0.0,0,0.0,0.0,0.03,0.0,0,0.0,0.0,0.0,0.0,0.0,0.0,0.0,0.03,0.0,0.0,0.0,0.0,0.0,0.0,0.0,0.0,0.0,0,0.02,0.0,0.0,0.0,
2509601046,0.0,0.02,0.0,0.2,0.0,0.12,0.02,0.0,0.06,0.06,0.09,0.02,0.06,0.03,0.03,0.0,0.07,0.03,0.04,0.07,0.0,0.08,0.06,0.06,0.06,0.0,0.0,99.98,0.06,0.06,0.6,0.06,0.02,0.01,0.02,0.08,0.03,0.06,0.03,0.24,0.97,0.05,0.06,0.03,0.06,0.09,0.02,0,0.08,0.06,0.1,0.06,0.06,0.07,0.08,0.36,0.05,0.12,0.08,0.02,0.06,0.0,0.06,0.05,0.09,0.06,0.06,0.03,0.0,0.08,0.06,0.0,0.06,0.12,0.07,0.09,0.02,0.06,0.0,0.0,0.08,0.64,0.02,0.09,0.0,0.65,0.08,1.02,0.11,0.03,0.04,0.14,0.01,0.07,0.0,0.08,0.03,0.0,0.06,0.06,0,0.06,0.08,0.07,0.06,0.6,0.03,0.08,0.01,0.08,0.09,0.09,0.03,0.06,0.0,0.0,0.04,0.04,0.06,0.13,0,0.08,0.06,0.1,
2920755722,15.0,0.0,18.98,0.06,0.0,0.08,0.0,23.96,12.52,20.33,0.08,0.0,0.07,0.0,0.0,19.49,0.07,0.02,2.14,0.07,13.7,0.07,0.06,0.85,0.06,0.0,0.0,0.06,100.0,0.11,0.06,0.03,0.03,0.06,0.0,0.06,0.0,0.07,0.0,0.0,0.06,0.13,17.81,0.0,0.07,0.08,0.0,0.01,0.1,0.05,0.05,0.05,0.08,0.07,0.07,0.06,0.03,0.08,0.05,0.0,0.08,10.05,0.2,0.06,0.08,18.0,0.07,0.04,11.32,0.08,0.85,0.01,0.07,0.07,0.07,0.08,0.0,0.08,7.36,0.01,0.08,0.06,0.01,0.08,13.21,0.0,0.08,0.06,0.06,0.0,0.0,0.06,0.0,0.05,5.55,0.0,0.0,0.0,0.08,0.07,0.0,0.07,0.22,0.12,0.21,0.06,0.0,0.08,0.0,0.1,0.07,0.07,0.08,36.32,14.7,19.87,0.0,0.18,0.15,0.06,0,0.08,0.08,0.07,
GCF_000264455.2_ASM26445v2_genomic,0.24,0.0,0.13,0.04,0.0,0.06,0.0,0.25,0.38,0.42,0.05,0.0,0.06,0.0,0.0,0.3,0.05,0.03,0.19,0.05,0.16,0.05,0.05,0.07,0.06,0.0,0.03,0.04,0.34,100.0,0.06,0.02,0.02,0.15,0.0,0.05,0.0,0.05,0.02,0.0,0.06,0.09,0.44,0.0,0.05,0.06,0.0,0.06,0.23,0.04,0.04,0.04,0.05,0.05,0.05,0.04,0.02,0.06,0.15,0.09,0.06,0.33,0.09,0.05,0.05,0.31,0.05,0.02,0.25,0.06,0.07,0.01,0.06,0.05,0.06,0.06,0.0,0.05,0.31,0.0,0.06,0.06,0.0,0.05,0.4,0.0,0.06,0.04,0.06,0.0,0.0,0.04,0.0,0.51,0.29,0.0,0.0,0.01,0.06,0.03,0.0,0.05,0.07,0.16,0.07,0.04,0.0,0.08,0.0,0.07,0.05,0.05,0.08,0.36,0.36,0.28,0.0,0.12,0.1,0.04,0,0.05,0.06,0.05,
GCF_014023275.1_ASM1402327v1_genomic,0.04,0.03,0.03,0.2,0.01,0.08,0.03,0.04,0.06,0.06,0.09,0.03,0.06,0.03,0.03,0.03,0.06,0.03,0.05,0.06,0.03,0.09,0.06,0.1,0.15,0.0,0.0,0.42,0.07,0.13,100.0,0.06,0.03,0.0,0.03,0.06,0.01,0.06,0.03,0.34,0.07,0.06,0.06,0.02,0.08,0.09,0.03,0.0,0.1,0.06,0.1,0.06,0.06,0.06,0.06,0.55,0.05,0.08,0.08,0.03,0.09,0.03,0.1,0.02,0.09,0.06,0.06,0.04,0.03,0.14,0.1,0.01,0.06,0.06,0.06,0.12,0.03,0.06,0.03,0.03,0.09,10.08,0.03,0.09,0.03,3.79,0.09,6.05,0.13,0.03,0.03,0.17,0.03,0.06,0.03,0.26,0.03,0.03,0.14,0.06,0.0,0.06,0.1,0.09,0.1,3.04,0.03,0.09,0.01,0.1,0.09,0.09,0.05,0.07,0.03,0.03,0.03,0.04,0.1,0.2,0.02,0.09,0.06,0.09,
GCF_000429125.1_ASM42912v1_genomic,0.06,0.73,0.06,0.03,0.02,0.06,0.05,0.06,0.0,0.0,0.05,0.07,0.61,0.48,0.29,0.05,1.26,0.03,0.09,0.0,0.05,0.42,1.2,0.05,0.05,0.0,0.0,0.01,0.0,0.06,0.03,99.91,0.86,0.0,0.0,0.24,0.03,0.77,0.67,0.03,0.03,0.04,0.0,0.05,0.13,0.07,0.08,0,0.05,0.04,0.07,0.06,0.41,0.47,0.89,0.03,0.06,0.06,0.05,0.05,0.05,0.05,0.05,0.84,0.04,0.0,0.0,0.03,0.06,0.06,0.05,0.0,0.14,0.75,0.47,0.04,0.44,0.7,0.06,0.06,0.04,0.03,0.96,0.05,0.06,0.03,0.04,0.03,0.05,0.4,0.48,0.03,0.03,0.0,0.05,0.03,0.48,0.04,0.06,0.0,0,0.65,0.06,0.05,0.04,0.03,1.35,0.04,0.72,0.05,0.45,0.07,0.06,0.0,0.05,0.05,0.13,0.03,0.04,0.03,0.0,0.07,0.45,0.0,
2523231023,0.03,0.42,0.03,0.03,0.0,0.02,0.08,0.03,0.0,0.0,0.03,2.32,0.79,1.16,0.12,0.03,0.63,0.0,0.0,0.0,0.03,0.89,0.64,0.03,0.03,0.0,0.0,0.0,0.0,0.03,0.03,0.73,99.84,0.0,0.03,0.29,0.0,0.58,0.44,0.03,0.03,0.01,0.0,0.03,0.08,0.37,0.03,0,0.03,0.0,0.03,0.02,0.95,0.08,0.65,0.03,0.0,0.02,0.03,0.03,0.02,0.03,0.03,0.95,0.03,0.0,0.0,0.0,0.03,0.03,0.03,0,0.36,0.29,0.95,0.03,0.58,0.66,0.03,0.03,0.03,0.03,1.01,0.03,0.03,0.03,0.03,0.03,0.02,0.46,0.16,0.03,0.03,0.01,0.03,0.03,0.06,0.03,0.02,0.02,0.02,0.72,0.03,0.03,0.03,0.03,0.61,0.03,0.44,0.03,0.26,0.0,0.0,0.0,0.03,0.03,0.35,0.0,0.03,0.03,0,0.38,0.74,0.38,
2588254304,0.07,0.0,0.1,0.0,0.0,0.0,0.0,0.08,0.03,0.08,0.0,0.0,0.0,0.0,0.0,0.08,0.0,0.0,0.01,0.0,0.11,0.01,0.0,0.0,0.17,0.0,0.06,0.0,0.04,0.07,0.0,0.0,0.0,99.95,0.0,0.0,0.0,0.0,0.01,0.0,0.0,1.88,0.07,0.28,0.0,0.0,0.0,0.0,0.04,0.0,0.01,0.0,0.0,0.0,0.0,0.02,0.01,0.0,0.13,0.04,0.0,0.07,0.01,0.32,0.0,0.16,0.0,0.02,0.1,0.04,0.0,0.0,0.0,0.0,0.01,0.03,0.0,0.0,0.05,0.42,0.05,0.0,0.0,0.0,0.04,0.0,0.0,0.0,0.33,0.0,0.0,0.02,0.02,0.09,0.19,0.0,0.0,0.04,0.07,0.04,0.02,0.0,0.08,0.02,0.04,0.0,0.0,0.05,0.19,0.04,0.0,0.0,0.34,0.18,0.03,0.04,0.0,0.03,0.0,0.04,0.0,0.0,0.0,0.0,
2716884990,0.12,0.27,0.12,0.12,0.03,0.11,0.2,0.12,0.0,0.0,0.18,0.22,0.02,0.26,0.18,0.12,0.04,0.08,0.08,0.0,0.12,0.18,0.06,0.13,0.11,0,0.02,0.03,0.01,0.19,0.12,0.2,0.12,0.02,100.0,0.02,0.05,0.09,0.36,0.11,0.11,0.01,0.0,0.19,0.01,0.24,0.16,0.01,0.16,0.01,0.19,0.02,0.08,0.02,0.01,0.11,0.05,0.11,0.12,0.21,0.11,0.12,0.12,0.18,0.14,0.0,0.0,0.05,0.12,0.16,0.13,0,0.02,0.01,0.07,0.15,0.27,0.03,0.12,0.12,0.14,0.12,0.2,0.14,0.12,0.12,0.16,0.11,0.11,0.2,0.2,0.12,0.05,0.05,0.12,0.12,0.21,0.12,0.11,0.03,0.0,0.03,0.15,0.2,0.15,0.11,0.21,0.14,0.17,0.15,0.22,0.2,0.08,0.0,0.12,0.12,0.21,0.0,0.15,0.12,0,0.26,0.03,0.19,
MSMP01.fasta,0.0,0.77,0.0,0.04,0.0,0.04,0.1,0.0,0.05,0.05,0.05,0.0,0.44,0.04,0.11,0.0,0.69,0.0,0.02,0.06,0.0,0.43,1.25,0.06,0.04,0,0.01,0.05,0.05,0.06,0.04,0.16,0.18,0.0,0.0,100.0,0.0,2.1,0.27,0.0,0.05,0.04,0.05,0.07,0.15,0.16,0.01,0.01,0.06,0.04,0.07,0.1,0.08,0.27,0.99,0.05,0.03,0.04,0.04,0.0,0.04,0.0,0.06,5.77,0.05,0.05,0.04,0.0,0.0,0.05,0.06,0.0,0.31,1.12,0.13,0.05,0.36,0.5,0.0,0.0,0.06,0.04,0.29,0.05,0.0,0.0,0.06,0.04,0.04,0.48,0.58,0.04,0.0,0.04,0.0,0.0,0.68,0.0,0.04,0.04,0,0.29,0.06,0.06,0.04,0.04,1.12,0.06,4.88,0.06,0.26,0.31,0.02,0.05,0.0,0.0,0.22,0.02,0.04,0.05,0,0.15,0.33,0.02,
2619619009,0.05,0.06,0.05,0.05,2.06,0.05,0.05,0.05,0.0,0.0,0.05,0.05,0.0,0.06,0.04,0.05,0.03,0.05,0.05,0.25,0.05,0.05,0.05,0.05,0.05,0,0,0.02,0.0,0.05,0.05,0.05,0.0,0.0,0.05,0.01,100.0,0.04,0.05,0.05,0.05,0.0,0.0,0.05,0.04,0.05,0.5,0,0.05,3.18,0.05,0.0,0.0,0.0,0.02,0.05,2.0,0.05,0.04,0.04,0.05,0.05,0.05,0.05,0.05,0.0,0.48,0.05,0.05,0.08,0.05,0,0.0,0.01,0.0,0.05,0.05,0.05,0.05,0.04,0.05,0.05,0.07,0.05,0.05,0.05,0.05,0.05,0.04,0.05,0.05,0.05,0.05,0.0,0.05,0.05,0.05,0.05,0.04,0.0,0,0.03,0.05,0.05,0.04,0.05,0.05,0.04,0.01,0.05,0.05,0.05,0.04,0.0,0.05,0.05,0.05,0,0.05,0.05,0,0.05,0.0,0.05,
2772190739,0.0,2.5,0.0,0.06,0.01,0.05,0.01,0.0,0.08,0.08,0.08,0.29,0.96,0.52,0.13,0.0,1.51,0.0,0.03,0.06,0.0,0.67,2.35,0.08,0.05,0.0,0,0.06,0.07,0.08,0.06,0.79,0.74,0.0,0.0,4.35,0.02,100.0,0.21,0.0,0.06,0.06,0.07,0.0,0.33,0.11,0.04,0.01,0.08,0.05,0.11,0.25,0.63,0.34,1.23,0.06,0.06,0.05,0.06,0.0,0.05,0.0,0.08,4.45,0.07,0.08,0.09,0.0,0.0,0.06,0.08,0,0.53,2.52,0.28,0.07,4.96,1.31,0.0,0.01,0.07,0.06,1.66,0.07,0.0,0.0,0.07,0.06,0.05,0.69,1.47,0.06,0.0,0.06,0.0,0.0,0.65,0.0,0.05,0.08,0.0,0.71,0.08,0.08,0.06,0.06,1.96,0.07,4.46,0.08,0.43,0.03,0.03,0.08,0.0,0.0,0.27,0.03,0.06,0.06,0.0,0.02,0.74,0.0,
GCF_900141855.1_IMG-taxon_2622736519_genomic,0.07,0.34,0.07,0.05,0.02,0.06,0.1,0.07,0.0,0.01,0.07,0.38,0.03,0.76,0.1,0.07,0.1,0.02,0.04,0.0,0.07,1.54,0.11,0.07,0.07,0,0.02,0.01,0.0,0.07,0.05,0.5,0.91,0.01,0.09,0.33,0.02,0.17,99.88,0.05,0.05,0.0,0.0,0.08,0.15,0.0,0.07,0.0,0.05,0.0,0.08,0.02,1.15,0.0,0.06,0.05,0.02,0.06,0.04,0.07,0.07,0.07,0.07,0.43,0.06,0.0,0.0,0.02,0.07,0.07,0.07,0,1.49,0.31,2.01,0.06,0.16,0.03,0.07,0.08,0.06,0.05,0.15,0.06,0.07,0.05,0.07,0.05,0.07,0.3,1.2,0.05,0.05,0.0,0.07,0.05,0.31,0.05,0.07,0.0,0.0,0.1,0.07,0.05,0.06,0.05,0.39,0.07,0.3,0.05,0.09,0.03,0.02,0.0,0.07,0.07,0.22,0.0,0.05,0.05,0.0,0.05,3.05,0.09,
2510065011,0.05,0.04,0.04,0.1,0.01,0.04,0.04,0.04,0.01,0.0,0.04,0.04,0.0,0.04,0.04,0.05,0.0,0.0,0.02,0.0,0.06,0.04,0.0,0.04,0.06,0.01,0.0,0.06,0.01,0.06,0.24,0.04,0.02,0.0,0.04,0.0,0.02,0.0,0.04,99.58,0.3,0.0,0.0,0.03,0.0,0.04,0.04,0.0,0.05,0.01,0.04,0.0,0.0,0.0,0.0,0.22,0.02,0.04,0.06,0.06,0.04,0.04,0.05,0.02,0.05,0.0,0.0,0.01,0.06,0.04,0.04,0,0.0,0.0,0.0,0.04,0.04,0.0,0.05,0.04,0.04,0.18,0.04,0.04,0.04,0.22,0.05,0.22,0.06,0.04,0.04,0.12,0.04,0.0,0.05,0.04,0.04,0.04,0.06,0.0,0.0,0.0,0.06,0.05,0.04,0.14,0.04,0.04,0.01,0.04,0.04,0.04,0.02,0.01,0.05,0.04,0.04,0.0,0.04,0.19,0,0.04,0.0,0.04,
GCF_001767235.1_ASM176723v1_genomic,0.03,0.03,0.03,0.16,0.01,0.06,0.03,0.03,0.03,0.03,0.09,0.03,0.03,0.03,0.03,0.03,0.02,0.01,0.03,0.03,0.03,0.05,0.03,0.05,0.08,0.0,0,0.48,0.03,0.08,1.36,0.05,0.02,0.0,0.03,0.03,0.01,0.03,0.03,0.63,100.0,0.02,0.03,0.03,0.03,0.05,0.03,0.0,0.05,0.03,0.05,0.03,0.03,0.03,0.03,0.3,0.02,0.06,0.06,0.04,0.09,0.03,0.05,0.04,0.07,0.03,0.03,0.07,0.03,0.08,0.05,0.0,0.02,0.03,0.03,0.07,0.03,0.03,0.03,0.05,0.07,1.1,0.03,0.07,0.03,0.86,0.07,0.99,0.09,0.02,0.03,0.19,0.03,0.03,0.03,0.34,0.03,0.03,0.08,0.04,0.0,0.03,0.05,0.05,0.05,0.62,0.03,0.07,0.02,0.05,0.05,0.05,0.02,0.03,0.03,0.03,0.03,0.02,0.05,0.14,0.0,0.05,0.03,0.05,
2731957717,0.02,0.0,0.01,0.03,0.0,0.29,0.0,0.06,0.07,0.1,0.03,0.0,0.02,0.0,0.01,0.05,0.03,0.03,0.08,0.03,0.03,0.05,0.03,0.02,0.05,0.0,0.01,0.03,0.09,0.03,0.03,0.03,0.01,0.35,0.0,0.03,0.0,0.02,0.0,0.0,0.03,100.0,0.07,0.4,0.03,0.02,0.02,0.01,0.08,0.06,0.02,0.02,0.03,0.02,0.03,0.03,0.03,0.29,0.05,0.0,0.05,0.05,0.02,0.43,0.03,0.04,0.05,0.03,0.03,0.05,0.02,0.0,0.03,0.05,0.03,0.03,0.0,0.02,0.06,0.42,0.03,0.03,0.0,0.03,0.03,0.0,0.03,0.03,0.08,0.0,0.0,0.03,0.0,0.05,0.06,0.0,0.0,0.0,0.06,0.05,0,0.03,0.03,0.04,0.03,0.03,0.0,0.03,0.57,0.03,0.02,0.02,0.29,0.06,0.04,0.04,0.0,0.15,0.03,0.03,0.0,0.02,0.03,0.02,
2923875786,12.48,0.0,12.53,0.05,0.0,0.07,0.0,50.32,22.81,23.15,0.07,0.0,0.07,0.0,0.0,12.69,0.07,0.02,0.93,0.07,15.12,0.06,0.06,0.78,0.06,0.0,0.0,0.05,9.57,0.08,0.06,0.03,0.03,0.07,0.0,0.06,0.0,0.06,0.0,0.0,0.05,0.12,100.0,0.0,0.06,0.07,0.0,0.01,0.09,0.04,0.05,0.05,0.07,0.07,0.07,0.05,0.03,0.07,0.05,0.0,0.07,24.8,0.19,0.05,0.07,20.18,0.06,0.04,5.98,0.08,0.78,0.0,0.07,0.06,0.07,0.07,0.0,0.08,7.84,0.0,0.07,0.06,0.0,0.07,17.24,0.0,0.07,0.06,0.05,0.0,0.0,0.05,0.0,0.05,1.22,0.0,0.0,0.0,0.07,0.07,0.0,0.07,0.1,0.09,0.19,0.06,0.0,0.07,0.0,0.12,0.06,0.06,0.04,14.72,9.93,7.34,0.0,0.1,0.14,0.05,0,0.07,0.07,0.07,
BLIK01.fasta,0.04,0.06,0.03,0.03,0.01,0.0,0.06,0.03,0.0,0.0,0.03,0.05,0.01,0.06,0.05,0.03,0.01,0.04,0.02,0.04,0.03,0.07,0.01,0.03,0.05,0.02,0.0,0.0,0.0,0.03,0.03,0.08,0.04,0.31,0.05,0.09,0.02,0.0,0.05,0.03,0.03,0.41,0.0,100.0,0.01,0.06,0.03,0.0,0.03,0.01,0.04,0.01,0.01,0.0,0.0,0.03,0.02,0.0,0.04,0.05,0.0,0.03,0.03,11.93,0.03,0.0,0.01,0.02,0.03,0.05,0.03,0.0,0.02,0.01,0.0,0.03,0.07,0.02,0.03,0.83,0.03,0.03,0.05,0.03,0.03,0.03,0.03,0.03,0.01,0.06,0.06,0.03,0.03,0.0,0.04,0.03,0.07,0.03,0.13,0.0,0,0.07,0.03,0.03,0.03,0.03,0.07,0.03,14.44,0.03,0.05,0.05,0.03,0.0,0.03,0.04,0.06,0.03,0.03,0.03,0.0,0.05,0.01,0.05,
LQZQ01.fasta,0.0,0.19,0.0,0.06,0.0,0.08,0.33,0.0,0.07,0.07,0.06,0.03,0.37,0.11,0.19,0.0,0.27,0.03,0.03,0.09,0.0,0.21,0.19,0.07,0.08,0.0,0.0,0.06,0.07,0.07,0.06,0.13,0.16,0.0,0.0,0.23,0.03,0.3,0.18,0.0,0.06,0.06,0.07,0.01,100.0,0.1,0.04,0,0.05,0.05,0.06,0.67,0.35,0.1,0.29,0.06,0.03,0.08,0.09,0.0,0.09,0.0,0.07,0.22,0.06,0.07,0.12,0.03,0.0,0.09,0.07,0.0,0.1,0.32,0.19,0.06,0.08,0.31,0.0,0.0,0.07,0.06,0.17,0.06,0.0,0.0,0.09,0.06,0.08,0.07,0.07,0.06,0.0,0.05,0.0,0.0,0.05,0.0,0.09,0.08,0,0.27,0.09,0.07,0.08,0.06,0.09,0.08,0.3,0.05,0.1,0.1,0.04,0.07,0.0,0.0,0.0,0.04,0.06,0.06,0.0,0.1,0.16,0.1,
LCTZ01.fasta,0.08,1.39,0.08,0.12,0.03,0.16,0.46,0.08,0.08,0.08,0.15,2.23,1.21,5.44,0.21,0.08,1.44,0.06,0.08,0.08,0.08,3.35,1.93,0.16,0.16,0,0.0,0.08,0.08,0.17,0.12,1.05,2.22,0.01,0.14,0.89,0.03,1.36,1.54,0.06,0.12,0.06,0.08,0.11,0.22,100.0,0.09,0,0.12,0.06,0.23,0.25,4.08,1.76,0.98,0.12,0.06,0.16,0.16,0.08,0.17,0.08,0.16,1.01,0.15,0.08,0.09,0.07,0.08,0.16,0.16,0,9.77,0.96,5.37,0.15,1.22,1.43,0.08,0.09,0.14,0.12,1.3,0.15,0.08,0.06,0.18,0.12,0.17,0.99,3.19,0.12,0.06,0.03,0.08,0.06,1.39,0.06,0.18,0.04,0,1.13,0.16,0.12,0.15,0.11,1.03,0.15,0.54,0.12,1.45,1.35,0.05,0.08,0.08,0.08,1.34,0.03,0.12,0.12,0.0,2.8,2.3,0.84,
2770939501,0.11,0.13,0.11,0.08,0.21,0.1,0.09,0.1,0.0,0.0,0.11,0.12,0.06,0.14,0.13,0.11,0.06,0.0,0.06,1.69,0.1,0.11,0.08,0.1,0.1,0.0,0,0.02,0.0,0.11,0.08,0.14,0.06,0.0,0.12,0.02,0.44,0.04,0.11,0.08,0.08,0.03,0.0,0.11,0.05,0.11,99.99,0,0.1,0.23,0.08,0.0,0.05,0.0,0.0,0.08,0.15,0.1,0.11,0.12,0.1,0.11,0.1,0.06,0.09,0.0,2.85,0.0,0.11,0.11,0.1,0.0,0.0,0.0,0.02,0.09,0.08,0.02,0.1,0.18,0.09,0.08,0.14,0.09,0.1,0.08,0.12,0.08,0.11,0.08,0.12,0.08,0.07,0.0,0.1,0.08,0.1,0.11,0.11,0.0,0.0,0.02,0.1,0.11,0.1,0.07,0.14,0.12,0.06,0.11,0.08,0.12,0.04,0.0,0.1,0.1,0.08,0.0,0.11,0.13,0,0.12,0.0,0.08,
2509276002,0.0,0,0.01,0,0,0.01,0,0.01,0.02,0.04,0.05,0,0.01,0,0.0,0.03,0,0.48,0.02,0.01,0.01,0,0.01,0.05,0.01,0.14,0.01,0,0.01,0.11,0.0,0,0,0.01,0.0,0.01,0,0.01,0.0,0.0,0.0,0.01,0.01,0.0,0,0,0,97.9,0.06,0.01,0,0.0,0,0,0,0.01,0.01,0.01,0.08,0.11,0.01,0.04,0.04,0.01,0.0,0.02,0.01,0.28,0.0,0.02,0.05,0.14,0,0.01,0,0.06,0.0,0,0.0,0.0,0.06,0.0,0,0.0,0.03,0.0,0.14,0.0,0.01,0.0,0.0,0.02,0.49,0.07,0.02,0.02,0.0,0.01,0.01,0.07,0.27,0,0.0,0.22,0.05,0.01,0.0,0.09,0,0.07,0,0,0.01,0.03,0.01,0.01,0,0.02,0.11,0.02,0,0,0,0,
2721755529,0.5,0.05,0.49,0.12,0.01,0.17,0.05,0.41,0.52,0.77,0.36,0.05,0.1,0.04,0.04,0.6,0.1,0.08,0.14,0.1,0.54,0.11,0.1,0.79,0.17,0.01,0.0,0.09,0.56,1.56,0.12,0.09,0.06,0.15,0.06,0.1,0.02,0.1,0.04,0.06,0.12,0.16,0.61,0.05,0.07,0.12,0.05,0.04,100.0,0.06,0.1,0.07,0.07,0.09,0.1,0.12,0.05,0.17,0.6,0.4,0.17,0.69,0.74,0.12,0.24,0.73,0.09,0.06,0.37,0.18,0.79,0.0,0.08,0.1,0.08,0.3,0.05,0.1,0.47,0.04,0.32,0.12,0.05,0.24,0.64,0.04,0.4,0.12,0.17,0.05,0.04,0.12,0.09,0.43,0.8,0.04,0.05,0.51,0.17,0.38,0.01,0.11,0.89,3.85,0.91,0.12,0.05,0.27,0.03,14.52,0.15,0.15,0.07,0.62,0.4,0.62,0.05,0.12,1.01,0.18,0.0,0.11,0.08,0.15,
2619619006,0.0,0.0,0.0,0.06,3.72,0.06,0.0,0.0,0.05,0.05,0.06,0.0,0.04,0.0,0.0,0.0,0.04,0.06,0.06,0.2,0.0,0.09,0.04,0.06,0.06,0.0,0,0.06,0.05,0.06,0.06,0.06,0.01,0.0,0.0,0.04,2.31,0.06,0.0,0.0,0.06,0.11,0.04,0.0,0.04,0.04,0.28,0.01,0.04,99.78,0.04,0.04,0.04,0.04,0.04,0.06,4.78,0.06,0.06,0.0,0.06,0.0,0.06,0.06,0.06,0.04,0.2,0.06,0.0,0.06,0.06,0,0.04,0.09,0.04,0.06,0.0,0.04,0.0,0.03,0.06,0.06,0.0,0.06,0.0,0.0,0.06,0.06,0.06,0.0,0.0,0.06,0.0,0.06,0.0,0.0,0.0,0.0,0.06,0.06,0.0,0.04,0.04,0.05,0.06,0.06,0.0,0.06,0.06,0.06,0.04,0.04,0.08,0.05,0.0,0.0,0.0,0.06,0.06,0.06,0,0.04,0.04,0.04,
2509601041,0.04,0.2,0.04,0.08,0.01,0.08,0.14,0.04,0.04,0.04,0.08,0.15,0.16,0.1,0.11,0.04,0.15,0.04,0.04,0.04,0.04,0.27,0.12,0.09,0.08,0,0.0,0.06,0.04,0.08,0.1,0.12,0.07,0.01,0.08,0.18,0.02,0.15,0.09,0.05,0.09,0.04,0.04,0.08,0.28,0.15,0.05,0,0.07,0.04,99.99,0.21,0.18,0.13,0.18,0.1,0.04,0.08,0.08,0.04,0.08,0.04,0.1,0.3,0.08,0.04,0.04,0.04,0.04,0.1,0.09,0.0,0.13,0.2,0.07,0.08,0.22,0.11,0.04,0.05,0.08,0.1,0.22,0.08,0.04,0.05,0.08,0.1,0.1,0.15,0.2,0.08,0.04,0.03,0.05,0.05,0.12,0.06,0.1,0.04,0,0.12,0.08,0.08,0.08,0.09,0.13,0.08,0.21,0.07,0.28,0.23,0.04,0.04,0.04,0.04,0.1,0.02,0.08,0.1,0.0,0.18,0.14,0.28,
QFZQ01.fasta,0.0,0.09,0.0,0.05,0.0,0.04,0.22,0.0,0.04,0.04,0.05,0.0,0.18,0.05,0.07,0.0,0.24,0.03,0.03,0.07,0.0,0.1,0.23,0.05,0.04,0,0.0,0.05,0.04,0.04,0.04,0.04,0.04,0.0,0.0,0.17,0.0,0.21,0.02,0.0,0.05,0.05,0.04,0.0,0.56,0.08,0.0,0.0,0.04,0.04,0.08,100.0,0.19,0.08,0.14,0.05,0.03,0.04,0.04,0.0,0.04,0.0,0.04,0.2,0.05,0.04,0.05,0.02,0.0,0.05,0.05,0.0,0.09,0.12,0.08,0.04,0.11,0.22,0.0,0.0,0.05,0.04,0.05,0.05,0.0,0.0,0.05,0.04,0.04,0.02,0.03,0.05,0.0,0.04,0.0,0.0,0.0,0.0,0.04,0.04,0,0.21,0.06,0.05,0.04,0.05,0.16,0.06,0.15,0.05,0.08,0.08,0.02,0.04,0.0,0.0,0.02,0.03,0.04,0.05,0,0.08,0.09,0.08,
2910277695,0.0,0.58,0.0,0.05,0.0,0.06,0.07,0.0,0.07,0.07,0.06,1.27,1.17,5.35,0.16,0.0,2.08,0.0,0.03,0.07,0.0,1.09,1.05,0.06,0.06,0.0,0.0,0.05,0.07,0.06,0.05,0.48,2.2,0.0,0.0,0.64,0.0,0.95,2.18,0.0,0.05,0.05,0.07,0.01,0.35,1.08,0.03,0,0.05,0.04,0.08,0.26,99.99,0.58,1.49,0.07,0.02,0.06,0.06,0.0,0.06,0.0,0.06,0.65,0.06,0.07,0.09,0.0,0.0,0.07,0.06,0,0.14,0.92,2.29,0.06,0.47,1.32,0.01,0.0,0.06,0.05,1.45,0.06,0.0,0.0,0.06,0.05,0.06,0.55,4.21,0.05,0.0,0.05,0.0,0.0,0.35,0.0,0.07,0.06,0.02,0.7,0.07,0.05,0.06,0.05,0.92,0.06,1.11,0.05,0.84,1.83,0.02,0.07,0.0,0.0,1.09,0.02,0.05,0.05,0,1.33,1.09,0.32,
GCF_001310225.1_ASM131022v1_genomic,0.0,2.64,0.0,0.13,0.0,0.14,0.13,0.0,0.16,0.16,0.16,1.31,5.67,1.25,0.13,0.0,6.64,0.06,0.07,0.13,0.0,1.59,2.95,0.16,0.12,0,0.0,0.14,0.16,0.16,0.13,1.9,1.28,0.0,0.01,2.07,0.02,5.97,0.75,0.0,0.13,0.11,0.16,0.01,0.35,1.94,0.03,0,0.16,0.11,0.31,0.36,2.5,100.0,2.63,0.13,0.06,0.14,0.05,0.0,0.12,0.0,0.15,2.22,0.16,0.16,0.12,0.06,0.0,0.14,0.16,0,1.04,7.84,0.94,0.17,3.96,10.87,0.0,0.0,0.15,0.13,12.37,0.16,0.0,0.0,0.17,0.17,0.11,6.88,1.78,0.13,0.0,0.05,0.0,0.0,3.8,0.0,0.12,0.1,0.05,6.1,0.18,0.16,0.12,0.13,2.41,0.18,2.18,0.16,7.85,3.41,0.06,0.16,0.0,0.0,13.52,0.07,0.12,0.13,0,1.32,1.44,7.01,
2551306140,0.0,0.8,0.0,0.06,0.0,0.07,0.06,0.0,0.08,0.08,0.07,0.42,1.19,0.72,0.17,0.0,1.03,0.0,0.03,0.08,0.0,0.39,1.54,0.08,0.07,0,0.0,0.06,0.07,0.07,0.06,0.55,0.79,0.0,0.0,0.94,0.01,0.88,0.06,0.0,0.06,0.06,0.08,0.0,0.27,0.3,0.0,0,0.08,0.05,0.1,0.15,0.89,0.0,100.0,0.06,0.03,0.07,0.07,0.0,0.07,0.0,0.08,1.19,0.07,0.08,0.1,0.0,0.0,0.08,0.08,0.01,0.19,0.46,0.43,0.07,0.46,1.21,0.0,0.03,0.07,0.05,1.14,0.07,0.0,0.0,0.07,0.05,0.07,0.87,0.14,0.06,0.0,0.05,0.0,0.0,0.19,0.0,0.08,0.07,0.0,1.15,0.07,0.07,0.07,0.05,2.43,0.07,1.55,0.08,0.0,0.0,0.03,0.08,0.01,0.0,0.52,0.03,0.06,0.06,0.0,0.3,0.11,0.42,
2509601031,0.04,0.04,0.04,0.24,0.01,0.1,0.03,0.04,0.07,0.07,0.14,0.04,0.07,0.04,0.03,0.04,0.07,0.04,0.06,0.07,0.04,0.11,0.1,0.11,0.11,0.0,0.0,0.27,0.07,0.11,0.57,0.08,0.04,0.01,0.04,0.07,0.02,0.07,0.03,0.23,0.41,0.07,0.07,0.03,0.07,0.1,0.04,0.01,0.11,0.06,0.11,0.07,0.11,0.07,0.07,99.98,0.05,0.1,0.13,0.03,0.11,0.04,0.11,0.05,0.14,0.07,0.07,0.04,0.04,0.16,0.11,0,0.07,0.07,0.07,0.1,0.04,0.08,0.04,0.04,0.14,0.48,0.05,0.13,0.04,0.43,0.15,0.44,0.1,0.04,0.03,0.28,0.02,0.09,0.04,0.44,0.04,0.04,0.11,0.1,0.0,0.08,0.1,0.11,0.11,0.49,0.04,0.15,0.01,0.11,0.11,0.11,0.05,0.07,0.04,0.04,0.04,0.05,0.11,0.21,0.0,0.15,0.07,0.11,
2616644818,0.04,0.04,0.0,0.06,28.31,0.06,0.04,0.0,0.07,0.06,0.06,0.04,0.0,0.05,0.0,0.0,0.0,0.11,0.14,0.14,0.04,0.1,0.0,0.05,0.06,0.0,0.0,0.06,0.06,0.06,0.05,0.1,0.0,0.0,0.04,0.0,2.15,0.04,0.04,0.0,0.05,0.06,0.06,0.03,0.0,0.04,0.13,0.01,0.04,8.02,0.04,0.0,0.0,0.0,0.0,0.05,99.85,0.06,0.06,0.0,0.06,0.01,0.05,0.07,0.06,0.06,0.43,0.1,0.0,0.06,0.05,0,0.0,0.07,0.01,0.06,0.04,0.02,0.01,0.05,0.06,0.05,0.05,0.06,0.01,0.0,0.06,0.05,0.05,0.04,0.04,0.06,0.04,0.06,0.0,0.0,0.05,0.0,0.05,0.06,0.0,0.02,0.05,0.05,0.06,0.05,0.04,0.06,0.05,0.05,0.04,0.04,0.1,0.06,0.0,0.05,0.04,0.06,0.05,0.06,0.0,0.04,0.0,0.04,
2911948674,0.31,0.31,0.32,0.43,0.07,100.0,0.32,0.31,0.32,0.31,0.43,0.29,0.25,0.31,0.29,0.31,0.28,0.19,0.31,0.29,0.31,0.55,0.28,0.61,1.86,0,0.01,0.28,0.31,0.7,0.38,0.44,0.24,0.13,0.22,0.24,0.11,0.2,0.3,0.21,0.53,3.15,0.31,0.97,0.32,0.58,0.33,0.04,0.64,0.29,0.41,0.2,0.29,0.23,0.29,0.4,0.23,100.0,0.78,0.4,1.65,0.3,0.6,1.26,0.43,0.32,0.27,0.19,0.3,1.05,0.61,0.0,0.29,0.2,0.22,0.54,0.22,0.24,0.3,1.16,0.41,0.41,0.23,0.43,0.31,0.21,0.41,0.43,1.6,0.2,0.3,0.43,0.2,0.39,0.3,0.21,0.23,0.21,1.81,0.39,0.0,0.29,0.7,0.63,0.63,0.4,0.31,0.4,0.8,0.65,0.41,0.63,0.34,0.32,0.3,0.31,0.21,0.14,0.42,0.42,0.0,0.56,0.28,0.45,
2718218091,0.25,0.13,0.27,0.23,0.03,0.3,0.1,0.19,0.17,0.25,0.45,0.13,0.05,0.14,0.15,0.22,0.05,0.09,0.09,0.07,0.19,0.21,0.07,0.21,0.29,0,0.0,0.07,0.17,1.08,0.15,0.18,0.09,0.59,0.12,0.05,0.04,0.05,0.09,0.15,0.2,0.23,0.25,0.18,0.08,0.22,0.15,0.07,0.97,0.05,0.15,0.05,0.07,0.02,0.07,0.22,0.08,0.3,100.0,1.0,0.3,0.27,0.39,0.11,0.22,0.24,0.07,0.09,0.34,0.29,0.21,0.0,0.08,0.05,0.02,0.32,0.16,0.06,0.21,0.2,0.5,0.15,0.1,0.22,0.31,0.1,0.34,0.16,0.33,0.1,0.13,0.26,0.23,11.72,0.28,0.2,0.1,0.23,0.3,1.95,0.0,0.04,0.35,0.77,0.53,0.14,0.15,0.5,0.09,0.6,0.15,0.2,0.18,0.14,0.18,0.21,0.04,0.07,0.66,0.48,0,0.22,0.07,0.15,
2574179776,0.23,0.1,0.13,0.13,0.02,0.13,0.08,0.22,0.18,0.23,0.3,0.09,0.0,0.1,0.1,0.49,0.0,0.04,0.09,0.0,0.18,0.09,0.0,0.29,0.14,0.0,0.04,0.02,0.1,1.26,0.07,0.1,0.05,0.63,0.13,0.0,0.03,0.0,0.1,0.09,0.1,0.17,0.11,0.11,0.0,0.09,0.1,0.11,0.71,0.01,0.07,0.0,0.0,0.0,0.0,0.07,0.03,0.13,1.05,100.0,0.13,0.38,0.32,0.07,0.32,0.08,0.0,0.04,0.17,0.15,0.29,0.0,0.0,0.0,0.0,0.57,0.07,0.01,0.17,0.15,0.6,0.07,0.07,0.22,0.43,0.07,0.49,0.1,0.13,0.07,0.1,0.17,0.27,1.23,0.15,0.12,0.07,0.27,0.12,1.32,0.0,0.0,0.12,1.37,0.24,0.07,0.1,0.49,0.07,0.42,0.07,0.09,0.25,0.14,0.2,0.34,0.07,0.04,0.52,0.28,0.0,0.09,0.0,0.07,
GCF_000020585.3_ASM2058v3_genomic,0.09,0.08,0.09,0.29,0.07,1.4,0.05,0.09,0.34,0.33,0.34,0.09,0.23,0.08,0.1,0.1,0.23,0.15,0.18,0.29,0.09,0.4,0.3,0.42,1.69,0.0,0.02,0.23,0.31,0.43,0.27,0.18,0.18,0.22,0.06,0.21,0.03,0.2,0.08,0.06,0.4,0.98,0.33,10.71,0.32,0.38,0.1,0.04,0.42,0.25,0.25,0.21,0.3,0.21,0.29,0.29,0.21,1.4,0.5,0.12,100.0,0.1,0.44,32.57,0.26,0.34,0.33,0.17,0.08,0.67,0.42,0,0.33,0.24,0.22,0.36,0.06,0.22,0.1,1.49,0.26,0.28,0.05,0.26,0.1,0.08,0.27,0.27,1.68,0.06,0.09,0.28,0.07,0.38,0.1,0.06,0.06,0.07,1.03,0.4,0.0,0.32,0.54,0.44,0.4,0.27,0.07,0.27,32.59,0.43,0.28,0.4,0.35,0.33,0.09,0.1,0.07,0.16,0.31,0.29,0.0,0.38,0.3,0.27,
2911689423,20.7,0.07,21.03,0.06,0.02,0.08,0.05,26.39,26.58,42.1,0.08,0.08,0.01,0.08,0.06,37.79,0.0,0.03,1.23,0.0,7.43,0.07,0.0,0.67,0.06,0.01,0.0,0.0,8.68,0.14,0.06,0.08,0.03,0.11,0.06,0.0,0.03,0.0,0.08,0.06,0.06,0.05,30.11,0.07,0.0,0.08,0.08,0.03,0.16,0.01,0.05,0.0,0.0,0.0,0.0,0.06,0.03,0.08,0.05,0.1,0.08,100.0,0.59,0.03,0.08,23.56,0.0,0.04,5.12,0.08,0.67,0.0,0.0,0.0,0.0,0.08,0.07,0.01,7.39,0.08,0.08,0.06,0.08,0.08,29.99,0.06,0.11,0.06,0.06,0.08,0.08,0.06,0.05,0.0,3.87,0.06,0.08,0.13,0.08,0.0,0.0,0.0,0.1,0.13,0.25,0.06,0.08,0.08,0.03,0.14,0.08,0.07,0.04,31.39,9.16,7.05,0.08,0.05,0.2,0.06,0,0.08,0.0,0.08,
GCF_003352105.1_ASM335210v1_genomic,5.04,0.08,4.88,0.19,0.02,0.09,0.07,4.83,5.27,8.47,0.09,0.08,0.0,0.09,0.08,6.88,0.0,0.04,2.89,0.08,5.23,0.11,0.0,0.46,0.09,0.0,0.0,0.06,6.78,0.24,0.13,0.08,0.04,0.16,0.06,0.0,0.03,0.0,0.09,0.07,0.13,0.03,4.97,0.11,0.0,0.08,0.09,0.06,1.03,0.04,0.07,0.0,0.0,0.0,0.0,0.13,0.06,0.09,0.1,0.3,0.09,6.23,100.0,0.04,0.09,4.37,0.08,0.03,6.78,0.19,0.46,0,0.0,0.01,0.0,0.08,0.08,0.01,5.63,0.09,0.4,0.15,0.09,0.09,6.62,0.06,0.25,0.14,0.09,0.07,0.08,0.14,0.06,0.08,8.73,0.08,0.08,0.56,0.09,0.23,0.0,0.0,0.69,0.11,0.11,0.13,0.08,0.26,0.05,1.14,0.08,0.08,0.07,6.01,8.15,4.97,0.08,0.21,0.76,0.15,0.0,0.08,0.0,0.08,
BLIH01.fasta,0.0,0.39,0.0,0.01,0.01,0.0,0.04,0.0,0.01,0.01,0.01,0.06,0.47,0.05,0.07,0.0,0.34,0.01,0.01,0.01,0.0,0.26,0.9,0.01,0.07,0.0,0.0,0.01,0.01,0.02,0.01,0.31,0.64,0.18,0.03,3.23,0.01,1.26,0.26,0.01,0.0,0.22,0.01,4.77,0.07,0.15,0.01,0.0,0.02,0.01,0.0,0.09,0.03,0.24,0.68,0.01,0.02,0.0,0.02,0.0,0.0,0.0,0.01,100.0,0.01,0.02,0.0,0.01,0.0,0.02,0.01,0.0,0.23,0.84,0.07,0.01,0.59,0.32,0.0,0.28,0.01,0.01,0.4,0.01,0.0,0.01,0.01,0.01,0.06,0.35,0.24,0.01,0.0,0.02,0.0,0.01,0.49,0.0,0.01,0.02,0,0.13,0.02,0.02,0.02,0.01,0.67,0.01,42.96,0.02,0.21,0.02,0.07,0.02,0.0,0.0,0.3,0.01,0.01,0.01,0.0,0.15,0.35,0.0,
GCF_000016425.1_ASM1642v1_genomic,0.07,0.06,0.08,0.15,0.03,0.14,0.05,0.08,0.17,0.16,7.91,0.06,0.12,0.06,0.05,0.09,0.12,0.07,0.11,0.11,0.08,0.17,0.13,0.21,0.14,0.01,0.0,0.14,0.16,0.44,0.15,0.12,0.07,0.08,0.07,0.12,0.03,0.12,0.06,0.06,0.19,0.1,0.15,0.06,0.1,0.18,0.05,0.0,0.31,0.11,0.15,0.1,0.12,0.13,0.12,0.19,0.09,0.14,0.2,0.23,0.14,0.11,0.25,0.11,100.0,0.15,0.11,0.08,0.08,0.2,0.21,0.0,0.13,0.12,0.13,4.98,0.06,0.12,0.08,0.07,4.51,0.16,0.06,70.89,0.13,0.06,4.54,0.16,0.15,0.06,0.06,0.17,0.16,0.19,0.07,0.1,0.06,0.07,0.15,0.21,0.01,0.12,0.2,0.43,0.22,0.19,0.06,2.81,0.03,0.19,0.18,0.18,0.08,0.14,0.1,0.09,0.06,0.06,0.25,0.24,0,0.19,0.12,0.18,
2923862544,9.78,0.0,23.07,0.06,0.0,0.08,0.0,44.14,55.65,12.92,0.08,0.0,0.07,0.0,0.0,8.23,0.08,0.04,2.09,0.07,17.67,0.07,0.07,0.08,0.06,0.0,0.0,0.06,20.93,0.22,0.06,0.03,0.03,0.17,0.0,0.07,0.0,0.07,0.01,0.0,0.06,0.08,35.67,0.0,0.07,0.08,0.0,0.01,0.24,0.05,0.06,0.05,0.08,0.07,0.08,0.06,0.04,0.08,0.05,0.0,0.08,25.68,0.02,0.07,0.08,100.0,0.07,0.03,9.46,0.08,0.08,0.0,0.08,0.07,0.08,0.08,0.0,0.08,12.76,0.01,0.1,0.06,0.0,0.08,27.04,0.0,0.08,0.06,0.06,0.01,0.0,0.06,0.0,0.07,3.64,0.0,0.0,0.02,0.08,0.08,0.0,0.08,0.15,0.17,0.11,0.06,0.0,0.08,0.0,0.18,0.08,0.08,0.04,58.08,5.6,8.37,0.0,0.19,0.02,0.06,0,0.08,0.08,0.08,
2675903232,0.0,0.02,0.0,0.09,0.12,0.12,0.01,0.0,0.11,0.12,0.13,0.0,0.14,0.0,0.03,0.0,0.11,0.06,0.05,18.54,0.0,0.13,0.18,0.12,0.12,0.0,0,0.09,0.12,0.12,0.09,0.05,0.05,0.01,0.0,0.09,0.42,0.13,0.0,0.0,0.09,0.17,0.11,0.01,0.19,0.12,2.17,0.01,0.11,0.21,0.09,0.1,0.16,0.09,0.16,0.1,0.3,0.12,0.12,0.0,0.12,0.0,0.11,0.08,0.1,0.11,99.96,0.05,0.0,0.13,0.12,0.0,0.12,0.16,0.13,0.1,0.01,0.13,0.0,0.06,0.1,0.09,0.04,0.1,0.0,0.0,0.14,0.09,0.12,0.0,0.0,0.09,0.0,0.09,0.0,0.0,0.0,0.0,0.12,0.14,0.06,0.18,0.12,0.12,0.12,0.08,0.01,0.14,0.07,0.13,0.09,0.13,0.08,0.12,0.0,0.0,0.01,0.09,0.12,0.09,0,0.13,0.14,0.09,
2724679732,0.05,0.03,0.03,0.02,0.0,0.02,0.03,0.03,0.01,0.01,0.02,0.03,0.0,0.03,0.02,0.03,0.0,1.32,0.05,0.02,0.03,0.03,0.0,0.02,0.02,0.19,0.0,0.01,0.01,0.02,0.02,0.03,0.0,0.01,0.03,0.0,0.03,0.0,0.0,0.0,0.02,0.02,0.01,0.05,0.0,0.03,0.0,0.03,0.02,0.02,0.03,0.0,0.0,0.0,0.0,0.02,0.05,0.02,0.02,0.03,0.02,0.03,0.02,0.05,0.02,0.0,0.02,100.0,0.03,0.03,0.02,0.05,0.02,0.0,0.02,0.02,0.05,0.0,0.03,0.03,0.02,0.02,0.03,0.02,0.04,0.0,0.02,0.02,0.03,0.03,0.03,0.02,0.0,0.02,0.03,0.0,0.03,0.0,0.02,0.02,0.28,0.0,0.02,0.02,0.02,0.02,0.03,0.02,0.03,0.02,0.06,0.03,0.04,0.0,0.03,0.04,0.03,0.02,0.02,0.02,0.0,0.03,0.0,0.06,
2923884989,11.23,0.06,12.94,0.06,0.02,0.07,0.05,15.81,4.87,18.81,0.08,0.07,0.0,0.08,0.06,12.24,0.0,0.03,2.4,0.0,21.02,0.07,0.0,0.61,0.06,0.0,0.01,0.0,13.28,0.13,0.06,0.08,0.03,0.11,0.06,0.0,0.03,0.0,0.07,0.07,0.06,0.04,14.11,0.07,0.0,0.07,0.07,0.0,0.11,0.01,0.05,0.0,0.0,0.0,0.0,0.06,0.02,0.07,0.06,0.08,0.08,6.03,0.57,0.03,0.07,10.58,0.0,0.03,100.0,0.08,0.61,0.0,0.0,0.0,0.0,0.09,0.06,0.0,18.67,0.09,0.07,0.06,0.07,0.07,22.16,0.05,0.09,0.06,0.05,0.07,0.07,0.06,0.05,0.01,4.1,0.06,0.07,0.09,0.07,0.0,0.0,0.0,0.14,0.13,0.11,0.06,0.07,0.08,0.06,0.28,0.07,0.07,0.06,15.16,41.12,16.51,0.07,0.09,0.1,0.06,0,0.07,0.0,0.07,
2517093012,0.25,0.23,0.22,0.41,0.05,0.68,0.17,0.23,0.15,0.16,0.27,0.22,0.1,0.2,0.21,0.22,0.12,0.13,0.26,0.19,0.25,0.37,0.17,0.38,0.62,0.0,0.0,0.13,0.18,0.41,0.38,0.29,0.15,0.1,0.22,0.11,0.12,0.1,0.21,0.16,0.36,0.24,0.18,0.38,0.16,0.33,0.21,0.03,0.38,0.1,0.26,0.11,0.15,0.11,0.13,0.39,0.13,0.68,0.43,0.29,0.58,0.22,0.36,0.48,0.33,0.15,0.15,0.13,0.26,100.0,0.38,0.01,0.16,0.11,0.1,0.27,0.16,0.15,0.25,0.4,0.36,0.28,0.17,0.33,0.23,0.21,0.35,0.28,0.56,0.18,0.25,0.4,0.2,0.18,0.25,0.17,0.17,0.23,0.63,0.18,0.0,0.15,0.49,0.41,0.36,0.24,0.23,0.35,0.2,0.39,0.27,0.37,0.28,0.15,0.28,0.27,0.17,0.06,0.36,0.4,0.0,0.36,0.15,0.3,
2841412109,8.65,0.22,6.55,0.26,0.06,0.34,0.18,7.4,8.33,9.77,0.34,0.24,0.08,0.25,0.2,11.4,0.08,0.12,4.78,0.08,7.98,0.29,0.08,100.0,0.26,0.0,0.01,0.06,7.37,1.36,0.25,0.28,0.12,0.11,0.2,0.07,0.09,0.08,0.25,0.18,0.25,0.19,7.84,0.22,0.07,0.32,0.24,0.05,1.43,0.07,0.23,0.06,0.08,0.08,0.08,0.25,0.11,0.34,0.28,0.44,0.36,10.65,6.12,0.16,0.33,6.03,0.08,0.12,7.61,0.37,100.0,0.01,0.08,0.07,0.09,0.45,0.22,0.1,9.31,0.27,0.47,0.25,0.25,0.38,8.98,0.18,0.41,0.25,0.24,0.23,0.24,0.33,0.19,0.36,50.42,0.19,0.23,0.7,0.35,0.39,0.0,0.08,0.95,1.41,0.87,0.24,0.25,0.35,0.11,1.33,0.32,0.32,0.15,7.49,7.96,7.23,0.25,0.28,1.1,0.3,0.0,0.31,0.08,0.32,
2509276000,0.0,0.0,0.0,0.0,0,0.0,0.0,0.0,0.0,0.0,0.0,0.0,0.0,0,0.0,0.0,0.0,0.26,0.0,0.0,0.0,0,0,0.0,0.01,0.55,0.0,0.0,0.01,0.01,0.0,0.0,0,0.0,0,0.0,0,0,0,0,0.0,0.0,0.0,0.0,0.0,0,0.0,0.06,0.0,0,0.0,0.0,0,0,0.0,0,0,0.0,0.0,0.0,0,0.0,0,0.0,0.0,0.0,0.0,0.17,0.0,0.01,0.0,97.73,0.0,0.0,0.0,0.0,0.0,0,0.0,0,0.0,0.0,0,0.0,0.0,0.0,0,0.0,0.0,0.0,0,0.0,0.0,0.0,0,0.0,0.0,0.01,0,0.0,0.17,0.0,0.02,0.0,0.0,0.0,0.0,0.0,0.0,0.0,0,0.0,0.0,0.0,0.0,0.01,0.0,0.0,0.0,0,0.0,0,0.0,0,
JAFLND01.fasta,0.0,0.77,0.0,0.07,0.0,0.1,0.06,0.0,0.1,0.09,0.1,0.49,0.52,0.57,0.04,0.0,0.38,0.04,0.04,0.1,0.0,2.94,0.61,0.09,0.1,0.0,0,0.08,0.09,0.1,0.07,0.45,1.83,0.0,0.0,0.64,0.0,0.73,3.29,0.0,0.07,0.07,0.1,0.02,0.13,10.11,0.0,0,0.07,0.06,0.12,0.14,0.73,0.13,0.48,0.08,0.04,0.1,0.1,0.0,0.1,0.0,0.1,0.9,0.1,0.1,0.1,0.04,0.0,0.11,0.09,0.0,99.99,1.58,1.61,0.09,0.37,0.35,0.0,0.0,0.1,0.07,0.24,0.1,0.0,0.0,0.1,0.07,0.1,1.04,2.21,0.07,0.0,0.03,0.01,0.0,1.08,0.0,0.1,0.06,0.0,0.38,0.1,0.07,0.09,0.06,0.86,0.1,0.57,0.07,0.14,1.31,0.05,0.1,0.0,0.0,0.42,0.06,0.07,0.07,0,0.6,3.4,0.13,
JABTEL01.fasta,0.0,2.23,0.0,0.03,0.0,0.03,0.06,0.0,0.05,0.04,0.04,0.27,1.5,0.06,0.11,0.0,10.78,0.0,0.03,0.08,0.0,1.67,2.05,0.04,0.03,0,0.0,0.03,0.04,0.04,0.03,0.73,0.6,0.0,0.0,1.95,0.01,2.16,0.37,0.0,0.03,0.06,0.04,0.01,0.24,0.13,0.0,0.01,0.05,0.05,0.06,0.12,0.22,1.1,1.24,0.03,0.04,0.03,0.02,0.0,0.02,0.0,0.04,2.33,0.04,0.05,0.07,0.0,0.0,0.03,0.04,0.0,1.0,100.0,0.43,0.04,0.82,1.41,0.0,0.0,0.03,0.03,2.53,0.04,0.0,0.0,0.04,0.03,0.02,1.92,1.37,0.03,0.0,0.02,0.0,0.0,3.68,0.0,0.03,0.05,0.0,1.12,0.05,0.04,0.02,0.03,2.26,0.04,2.15,0.05,0.97,0.79,0.03,0.05,0.0,0.0,0.7,0.04,0.03,0.03,0.0,0.35,0.95,0.32,
RBCJ01.fasta,0.0,0.36,0.0,0.04,0.0,0.04,0.05,0.0,0.06,0.06,0.06,0.78,0.45,1.4,0.05,0.0,0.37,0.02,0.02,0.06,0.0,2.03,0.5,0.06,0.04,0,0.0,0.04,0.06,0.06,0.04,0.41,1.52,0.01,0.0,0.18,0.0,0.27,2.34,0.0,0.04,0.04,0.06,0.0,0.13,0.92,0.01,0,0.04,0.04,0.07,0.08,1.63,0.08,0.44,0.04,0.02,0.04,0.02,0.0,0.04,0.0,0.06,0.13,0.05,0.06,0.06,0.02,0.0,0.04,0.06,0.0,0.69,0.39,100.0,0.06,0.13,0.5,0.0,0.0,0.06,0.04,0.34,0.05,0.0,0.0,0.06,0.04,0.04,0.01,1.69,0.04,0.0,0.02,0.0,0.0,0.28,0.0,0.04,0.02,0.0,0.48,0.05,0.04,0.05,0.04,0.62,0.05,0.02,0.04,0.26,0.1,0.02,0.06,0.0,0.0,0.08,0.02,0.04,0.04,0,1.58,1.11,0.07,
GCF_016803985.1_ASM1680398v1_genomic,0.23,0.14,0.2,0.34,0.05,0.31,0.16,0.2,0.17,0.17,4.88,0.18,0.14,0.18,0.14,0.26,0.13,0.13,0.19,0.12,0.22,0.29,0.13,0.42,0.34,0.01,0.0,0.17,0.18,0.62,0.32,0.25,0.13,0.09,0.2,0.13,0.08,0.13,0.17,0.15,0.37,0.11,0.18,0.18,0.12,0.31,0.15,0.03,0.53,0.15,0.26,0.1,0.14,0.14,0.13,0.25,0.14,0.31,0.35,0.42,0.33,0.23,0.38,0.24,4.06,0.17,0.11,0.14,0.21,0.27,0.42,0.0,0.13,0.14,0.14,100.0,0.18,0.16,0.2,0.15,5.23,0.27,0.18,4.51,0.22,0.19,6.5,0.37,0.24,0.18,0.18,0.38,0.39,0.23,0.21,0.21,0.19,0.21,0.24,0.33,0.0,0.13,0.27,0.69,0.45,0.34,0.18,5.57,0.08,0.43,0.31,0.31,0.13,0.15,0.21,0.23,0.18,0.07,0.49,0.5,0.0,0.32,0.13,0.31,
QFFG01.fasta,0.08,1.74,0.09,0.12,0.02,0.07,0.19,0.09,0.0,0.0,0.09,0.34,3.06,1.27,0.34,0.08,2.44,0.06,0.05,0.0,0.08,0.53,2.24,0.09,0.06,0,0,0.02,0.0,0.09,0.07,0.7,1.39,0.0,0.14,5.57,0.03,14.15,0.23,0.07,0.07,0.0,0.0,0.15,0.16,0.53,0.07,0.0,0.1,0.01,0.13,0.31,0.63,0.92,2.42,0.08,0.03,0.07,0.11,0.08,0.07,0.09,0.09,6.25,0.09,0.0,0.01,0.06,0.09,0.08,0.09,0.0,0.16,1.43,0.28,0.09,100.0,3.92,0.09,0.08,0.08,0.07,2.23,0.09,0.08,0.07,0.09,0.08,0.07,1.71,0.75,0.12,0.03,0.0,0.09,0.07,0.39,0.07,0.07,0.0,0,3.79,0.1,0.09,0.07,0.07,1.85,0.1,6.55,0.09,0.99,0.97,0.04,0.0,0.09,0.08,1.72,0.0,0.07,0.07,0,0.18,0.18,0.42,
VDCS01.fasta,0.0,1.2,0.0,0.06,0.02,0.06,0.08,0.0,0.08,0.08,0.08,0.37,2.53,0.97,0.24,0.0,2.04,0.03,0.03,0.1,0.0,0.3,1.95,0.08,0.06,0,0,0.06,0.08,0.08,0.06,0.77,1.09,0.0,0.0,1.39,0.03,1.37,0.04,0.0,0.06,0.06,0.08,0.01,0.3,0.34,0.01,0,0.08,0.05,0.11,0.26,0.99,1.3,2.18,0.06,0.05,0.06,0.06,0.0,0.05,0.0,0.08,1.68,0.08,0.08,0.08,0.03,0.0,0.07,0.08,0,0.17,0.66,0.57,0.08,1.79,100.0,0.0,0.01,0.07,0.06,4.3,0.08,0.0,0.0,0.08,0.06,0.06,1.37,0.43,0.06,0.0,0.02,0.0,0.0,0.14,0.0,0.06,0.05,0.03,4.61,0.09,0.08,0.06,0.06,1.35,0.09,2.34,0.08,0.4,0.6,0.03,0.08,0.0,0.0,4.46,0.03,0.06,0.06,0.0,0.36,0.17,0.85,
2911706278,10.41,0.06,6.82,0.06,0.01,0.07,0.05,23.1,16.52,14.93,0.08,0.07,0.01,0.08,0.06,23.25,0.0,0.03,1.22,0.0,17.13,0.07,0.0,0.66,0.06,0.0,0.0,0.0,7.86,0.12,0.06,0.08,0.03,0.03,0.06,0.0,0.03,0.0,0.08,0.05,0.06,0.06,23.59,0.07,0.0,0.07,0.07,0.0,0.13,0.01,0.05,0.0,0.01,0.0,0.0,0.06,0.03,0.07,0.05,0.08,0.08,29.1,0.48,0.03,0.07,17.66,0.0,0.03,15.47,0.08,0.66,0.0,0.0,0.0,0.0,0.07,0.06,0.01,100.0,0.08,0.07,0.06,0.07,0.07,17.12,0.05,0.08,0.06,0.06,0.08,0.08,0.06,0.05,0.0,2.81,0.06,0.07,0.09,0.08,0.0,0.01,0.0,0.09,0.09,0.09,0.06,0.07,0.07,0.03,0.09,0.07,0.07,0.04,15.93,45.89,13.9,0.07,0.14,0.1,0.06,0,0.07,0.0,0.07,
2728369621,0.04,0.03,0.04,0.03,0.01,0.05,0.02,0.04,0.0,0.02,0.02,0.04,0.01,0.04,0.04,0.03,0.0,0.02,0.05,0.04,0.04,0.06,0.01,0.03,0.31,0.0,0.0,0.0,0.01,0.03,0.03,0.06,0.02,0.29,0.02,0.0,0.02,0.0,0.04,0.02,0.02,0.34,0.0,0.48,0.0,0.03,0.06,0.0,0.02,0.01,0.02,0.01,0.0,0.0,0.02,0.03,0.02,0.05,0.05,0.05,0.05,0.04,0.02,0.68,0.02,0.0,0.01,0.02,0.05,0.05,0.03,0,0.0,0.0,0.0,0.02,0.03,0.01,0.04,100.0,0.02,0.03,0.02,0.02,0.05,0.03,0.02,0.03,0.08,0.02,0.05,0.03,0.02,0.0,0.03,0.03,0.03,0.03,0.08,0.0,0.0,0.0,0.03,0.02,0.02,0.03,0.04,0.02,0.84,0.02,0.0,0.02,0.12,0.0,0.04,0.04,0.02,0.0,0.03,0.02,0.0,0.04,0.0,0.02,
GCF_018141105.1_ASM1814110v1_genomic,0.13,0.07,0.11,0.14,0.02,0.11,0.07,0.11,0.11,0.15,5.23,0.08,0.08,0.07,0.07,0.15,0.07,0.07,0.08,0.06,0.12,0.15,0.07,0.25,0.12,0.0,0,0.09,0.12,0.67,0.12,0.12,0.06,0.12,0.08,0.08,0.04,0.07,0.07,0.06,0.17,0.08,0.11,0.07,0.07,0.15,0.07,0.03,0.34,0.08,0.12,0.07,0.08,0.07,0.07,0.16,0.07,0.11,0.33,0.31,0.11,0.14,0.28,0.08,2.95,0.1,0.06,0.08,0.11,0.18,0.25,0.0,0.08,0.07,0.08,4.65,0.07,0.09,0.11,0.08,100.0,0.12,0.07,3.13,0.15,0.08,4.52,0.13,0.12,0.08,0.08,0.15,0.31,0.38,0.16,0.1,0.08,0.09,0.12,0.22,0.01,0.08,0.13,0.45,0.24,0.17,0.07,4.34,0.02,0.28,0.14,0.16,0.06,0.11,0.12,0.14,0.07,0.04,0.21,0.26,0,0.16,0.07,0.15,
GCF_003054475.1_ASM305447v1_genomic,0.1,0.09,0.1,0.35,0.03,0.18,0.09,0.1,0.1,0.1,0.19,0.09,0.09,0.09,0.09,0.1,0.1,0.05,0.1,0.09,0.1,0.17,0.09,0.2,0.19,0.0,0.0,0.58,0.1,0.27,15.62,0.14,0.07,0.0,0.1,0.1,0.05,0.09,0.09,0.4,1.48,0.1,0.1,0.08,0.11,0.2,0.09,0.0,0.2,0.09,0.2,0.09,0.09,0.09,0.1,0.76,0.09,0.18,0.17,0.1,0.17,0.1,0.21,0.08,0.2,0.1,0.09,0.06,0.1,0.21,0.2,0.0,0.09,0.1,0.09,0.2,0.1,0.1,0.1,0.1,0.19,100.0,0.1,0.19,0.1,3.42,0.19,11.54,0.18,0.1,0.09,0.43,0.09,0.09,0.1,0.43,0.1,0.1,0.18,0.09,0.0,0.09,0.18,0.18,0.2,4.31,0.09,0.19,0.04,0.2,0.19,0.19,0.09,0.1,0.1,0.1,0.1,0.06,0.2,0.37,0.05,0.18,0.09,0.19,
WUDS01.fasta,0.07,1.07,0.07,0.05,0.02,0.06,0.13,0.07,0.0,0.0,0.07,0.41,3.63,0.93,0.45,0.07,1.42,0.05,0.04,0.0,0.07,0.33,1.87,0.07,0.05,0,0.0,0.01,0.0,0.07,0.05,0.84,1.37,0.0,0.09,1.0,0.04,1.54,0.15,0.05,0.05,0.0,0.0,0.1,0.14,0.1,0.09,0,0.07,0.0,0.09,0.06,0.84,0.28,2.22,0.08,0.02,0.06,0.05,0.06,0.05,0.07,0.07,1.69,0.06,0.0,0.02,0.02,0.07,0.06,0.07,0,0.07,2.39,0.23,0.06,1.45,4.48,0.07,0.06,0.06,0.05,100.0,0.06,0.07,0.05,0.06,0.05,0.05,2.55,0.6,0.05,0.02,0.0,0.07,0.05,0.54,0.05,0.05,0.0,0,1.87,0.08,0.07,0.05,0.05,1.64,0.07,1.84,0.07,0.46,0.37,0.02,0.0,0.07,0.07,4.14,0.0,0.05,0.05,0.0,0.0,0.0,0.5,
GCF_000018265.1_ASM1826v1_genomic,0.06,0.05,0.07,0.17,0.02,0.13,0.04,0.06,0.14,0.14,7.6,0.06,0.11,0.05,0.04,0.07,0.11,0.06,0.1,0.1,0.07,0.16,0.11,0.22,0.13,0.01,0.0,0.12,0.13,0.4,0.13,0.11,0.06,0.05,0.06,0.11,0.02,0.11,0.06,0.04,0.17,0.09,0.12,0.05,0.09,0.16,0.05,0.0,0.28,0.09,0.13,0.09,0.11,0.11,0.11,0.17,0.08,0.13,0.17,0.14,0.12,0.08,0.23,0.1,63.54,0.12,0.09,0.07,0.06,0.18,0.22,0.0,0.11,0.11,0.11,4.92,0.05,0.12,0.08,0.06,4.07,0.13,0.05,100.0,0.1,0.06,4.15,0.13,0.14,0.05,0.05,0.21,0.15,0.15,0.08,0.06,0.05,0.07,0.14,0.26,0.01,0.11,0.14,0.32,0.2,0.17,0.06,2.54,0.03,0.17,0.16,0.16,0.07,0.13,0.09,0.08,0.05,0.05,0.2,0.24,0.0,0.17,0.11,0.16,
2911728605,26.35,0.07,24.71,0.06,0.02,0.08,0.05,30.46,25.04,53.51,0.08,0.07,0.0,0.08,0.06,40.42,0.0,0.03,1.48,0.0,19.66,0.07,0.0,0.7,0.06,0.0,0.0,0.0,24.5,0.13,0.06,0.08,0.03,0.06,0.06,0.0,0.03,0.0,0.08,0.06,0.06,0.03,24.02,0.07,0.0,0.08,0.07,0.03,0.15,0.01,0.05,0.0,0.0,0.0,0.0,0.06,0.03,0.08,0.05,0.08,0.08,45.04,0.13,0.03,0.08,27.5,0.0,0.04,21.74,0.08,0.7,0.0,0.0,0.0,0.0,0.08,0.06,0.0,18.16,0.09,0.07,0.06,0.08,0.08,100.0,0.06,0.08,0.06,0.06,0.08,0.08,0.06,0.05,0.0,4.09,0.06,0.08,0.09,0.08,0.0,0.0,0.0,0.15,0.12,0.1,0.06,0.08,0.08,0.04,0.1,0.08,0.07,0.04,20.39,10.78,23.47,0.07,0.08,0.1,0.06,0,0.08,0.0,0.08,
2510065008,0.09,0.09,0.09,0.18,0.03,0.08,0.08,0.09,0.0,0.0,0.11,0.08,0.01,0.09,0.08,0.09,0.0,0.0,0.03,0.0,0.09,0.09,0.0,0.09,0.09,0,0.0,0.34,0.0,0.09,3.58,0.09,0.05,0.0,0.09,0.0,0.05,0.0,0.09,0.37,0.81,0.0,0.0,0.11,0.01,0.09,0.09,0.0,0.09,0.01,0.09,0.0,0.0,0.0,0.01,0.48,0.04,0.08,0.09,0.08,0.12,0.09,0.09,0.05,0.11,0.0,0.0,0.0,0.09,0.13,0.09,0.0,0.0,0.01,0.0,0.11,0.1,0.01,0.09,0.09,0.11,2.14,0.09,0.11,0.09,100.0,0.12,1.86,0.08,0.09,0.09,0.18,0.1,0.0,0.09,0.29,0.09,0.09,0.08,0.0,0,0.01,0.09,0.09,0.09,2.17,0.08,0.12,0.06,0.09,0.09,0.09,0.04,0.0,0.09,0.09,0.09,0.0,0.09,0.15,0.0,0.09,0.0,0.09,
GCF_008824145.1_ASM882414v1_genomic,0.14,0.11,0.13,0.2,0.03,0.13,0.12,0.12,0.09,0.1,4.52,0.1,0.07,0.1,0.11,0.14,0.07,0.06,0.11,0.08,0.15,0.18,0.08,0.23,0.13,0.0,0.0,0.08,0.09,0.39,0.14,0.14,0.08,0.05,0.12,0.07,0.05,0.07,0.12,0.09,0.2,0.06,0.09,0.09,0.08,0.2,0.12,0.06,0.36,0.07,0.14,0.06,0.07,0.07,0.07,0.2,0.07,0.13,0.22,0.29,0.13,0.15,0.23,0.11,2.65,0.1,0.08,0.06,0.13,0.2,0.23,0,0.08,0.07,0.08,4.89,0.1,0.08,0.13,0.12,3.94,0.14,0.1,2.77,0.14,0.12,100.0,0.14,0.13,0.1,0.11,0.22,0.26,0.25,0.15,0.14,0.11,0.14,0.13,0.16,0.01,0.07,0.2,0.44,0.28,0.18,0.11,5.73,0.04,0.27,0.18,0.18,0.08,0.1,0.13,0.13,0.11,0.04,0.3,0.24,0,0.18,0.07,0.18,
GCF_008121535.1_ASM812153v1_genomic,0.09,0.09,0.09,0.43,0.03,0.22,0.09,0.09,0.14,0.14,0.23,0.09,0.14,0.09,0.09,0.09,0.13,0.07,0.11,0.13,0.09,0.21,0.13,0.24,0.23,0.0,0.0,0.92,0.14,0.25,8.99,0.18,0.07,0.0,0.09,0.13,0.05,0.13,0.09,0.46,1.17,0.13,0.14,0.07,0.13,0.22,0.09,0.0,0.24,0.13,0.24,0.13,0.13,0.16,0.15,0.73,0.11,0.22,0.21,0.11,0.21,0.09,0.24,0.09,0.24,0.14,0.13,0.07,0.09,0.25,0.24,0.01,0.15,0.13,0.13,0.32,0.12,0.14,0.09,0.09,0.23,11.1,0.09,0.22,0.09,2.74,0.23,100.0,0.22,0.09,0.08,0.39,0.09,0.12,0.09,0.28,0.09,0.1,0.23,0.13,0,0.13,0.22,0.21,0.24,3.72,0.09,0.22,0.02,0.23,0.22,0.22,0.11,0.14,0.09,0.09,0.1,0.08,0.23,0.38,0.01,0.21,0.13,0.22,
GCF_009938225.1_ASM993822v1_genomic,0.3,0.36,0.29,0.31,0.06,1.24,0.28,0.27,0.06,0.09,0.32,0.36,0.11,0.34,0.36,0.29,0.1,0.11,0.22,0.09,0.28,0.41,0.07,0.32,1.51,0,0.0,0.06,0.1,0.48,0.47,0.4,0.17,0.61,0.26,0.05,0.11,0.05,0.37,0.35,0.44,0.84,0.07,0.93,0.08,0.44,0.41,0.01,0.46,0.12,0.31,0.06,0.1,0.05,0.07,0.29,0.22,1.24,0.6,0.49,1.63,0.29,0.47,0.65,0.33,0.06,0.14,0.11,0.3,0.69,0.32,0.01,0.08,0.05,0.06,0.31,0.25,0.07,0.28,1.7,0.3,0.31,0.27,0.33,0.28,0.24,0.3,0.32,100.0,0.23,0.35,0.4,0.37,0.11,0.29,0.34,0.23,0.27,6.28,0.13,0.02,0.06,0.48,0.46,0.46,0.29,0.35,0.31,1.38,0.47,0.28,0.42,0.31,0.1,0.27,0.28,0.23,0.08,0.31,0.4,0.0,0.43,0.07,0.31,
JACNMJ01.fasta,0.09,0.99,0.08,0.07,0.02,0.06,0.17,0.09,0.0,0.0,0.08,0.21,7.48,0.83,0.34,0.09,3.76,0.03,0.05,0.04,0.09,0.81,1.75,0.09,0.06,0.0,0.0,0.02,0.0,0.09,0.07,0.7,1.19,0.0,0.12,1.72,0.03,0.88,0.34,0.07,0.06,0.0,0.0,0.13,0.05,0.07,0.06,0.0,0.09,0.01,0.11,0.07,0.55,0.51,1.99,0.07,0.03,0.06,0.06,0.07,0.06,0.09,0.08,1.92,0.08,0.0,0.0,0.03,0.09,0.08,0.09,0.0,0.78,4.5,0.22,0.08,2.25,5.19,0.09,0.06,0.09,0.07,4.8,0.08,0.09,0.07,0.08,0.06,0.06,100.0,0.96,0.07,0.03,0.0,0.09,0.07,4.63,0.06,0.06,0.0,0.0,3.43,0.1,0.08,0.06,0.06,1.57,0.08,2.27,0.08,0.26,0.6,0.03,0.0,0.09,0.09,1.85,0.0,0.06,0.07,0,0.0,0.4,0.85,
2681813549,0.08,1.26,0.08,0.06,0.02,0.07,0.19,0.08,0.0,0.0,0.07,1.64,1.01,1.02,0.11,0.08,0.48,0.03,0.04,0.0,0.08,6.27,1.6,0.07,0.08,0.0,0.0,0.01,0.0,0.07,0.05,1.04,1.9,0.0,0.1,1.21,0.03,1.43,2.39,0.05,0.05,0.0,0.0,0.1,0.1,0.02,0.09,0.0,0.05,0.01,0.09,0.07,2.36,0.76,1.07,0.05,0.02,0.07,0.07,0.09,0.07,0.08,0.07,2.1,0.07,0.0,0.0,0.03,0.08,0.09,0.07,0,1.78,1.85,1.88,0.07,0.55,1.14,0.08,0.1,0.07,0.05,1.81,0.07,0.08,0.05,0.07,0.05,0.07,0.52,100.0,0.06,0.02,0.0,0.08,0.06,1.15,0.06,0.08,0.0,0.0,0.54,0.08,0.06,0.07,0.05,1.4,0.07,1.12,0.05,1.39,3.84,0.02,0.0,0.08,0.08,1.34,0.0,0.06,0.06,0.0,0.0,11.48,0.99,
GCF_000161795.2_ASM16179v2_genomic,0.16,0.12,0.14,14.8,0.03,0.23,0.18,0.14,0.13,0.14,0.33,0.12,0.12,0.11,0.12,0.12,0.19,0.07,0.2,0.12,0.16,0.24,0.12,0.36,0.24,0,0.0,0.26,0.17,0.43,0.45,0.18,0.09,0.1,0.13,0.12,0.06,0.12,0.12,0.48,0.67,0.14,0.18,0.09,0.12,0.23,0.12,0.03,0.26,0.12,0.23,0.13,0.12,0.12,0.12,0.69,0.12,0.23,0.41,0.29,0.23,0.12,0.27,0.06,0.28,0.13,0.12,0.07,0.13,0.39,0.36,0.0,0.12,0.12,0.12,0.46,0.19,0.13,0.13,0.12,0.33,0.68,0.12,0.42,0.12,0.35,0.42,0.43,0.28,0.12,0.12,100.0,0.09,0.43,0.22,0.76,0.12,0.15,0.35,0.32,0.01,0.12,0.35,0.43,0.31,0.53,0.12,0.39,0.03,0.26,0.24,0.24,0.18,0.13,0.13,0.13,0.12,0.07,0.31,11.96,0,0.24,0.12,0.37,
2561511149,0.06,0.03,0.09,0.05,0.02,0.06,0.06,0.08,0.04,0.04,0.54,0.03,0.0,0.03,0.03,0.12,0.0,0.14,0.04,0.0,0.08,0.03,0.0,0.09,0.09,0.06,0.02,0.01,0.02,0.31,0.06,0.03,0.03,0.04,0.03,0.0,0.03,0.0,0.06,0.06,0.06,0.0,0.04,0.08,0.0,0.06,0.06,0.48,0.18,0.01,0.06,0.0,0.0,0.0,0.0,0.03,0.03,0.06,0.18,0.27,0.08,0.08,0.09,0.02,0.21,0.02,0.0,0.13,0.06,0.09,0.09,0.0,0.0,0.0,0.0,0.54,0.03,0.0,0.11,0.05,0.52,0.06,0.03,0.22,0.12,0.08,0.46,0.06,0.09,0.03,0.03,0.05,100.0,0.09,0.12,0.07,0.03,0.11,0.09,0.22,0.02,0.0,0.06,0.38,0.09,0.06,0.03,0.38,0.03,0.09,0.03,0.03,0.03,0.02,0.08,0.06,0.06,0.0,0.17,0.26,0,0.03,0.0,0.03,
2718217948,0.12,0.0,0.13,0.19,0.0,0.19,0.0,0.11,0.26,0.35,0.29,0.0,0.04,0.0,0.0,0.22,0.1,0.1,0.09,0.15,0.13,0.1,0.1,0.35,0.2,0.0,0.0,0.13,0.22,1.25,0.1,0.06,0.03,0.48,0.03,0.1,0.0,0.1,0.0,0.0,0.13,0.21,0.28,0.0,0.1,0.05,0.0,0.06,0.72,0.1,0.09,0.1,0.11,0.04,0.1,0.14,0.07,0.19,11.35,0.98,0.19,0.28,0.3,0.15,0.21,0.28,0.11,0.07,0.16,0.19,0.35,0.0,0.04,0.1,0.04,0.29,0.0,0.04,0.2,0.01,0.66,0.11,0.0,0.19,0.22,0.0,0.49,0.1,0.19,0.0,0.0,0.29,0.08,100.0,0.12,0.01,0.0,0.17,0.24,3.57,0.01,0.04,0.24,1.17,0.35,0.09,0.0,0.43,0.0,0.66,0.1,0.1,0.13,0.28,0.15,0.13,0.0,0.12,0.68,0.3,0,0.11,0.11,0.1,
2502171179,3.65,0.08,2.53,0.06,0.02,0.08,0.06,2.57,1.83,1.69,0.08,0.08,0.0,0.08,0.07,2.74,0.0,0.03,3.73,0.0,4.74,0.07,0.0,11.29,0.07,0.0,0.01,0.0,4.39,0.11,0.06,0.08,0.03,0.17,0.07,0.0,0.03,0.0,0.09,0.08,0.06,0.07,1.85,0.08,0.0,0.08,0.08,0.0,0.21,0.01,0.06,0.0,0.0,0.0,0.0,0.06,0.02,0.08,0.05,0.09,0.09,1.98,0.43,0.04,0.08,2.34,0.0,0.03,3.37,0.09,11.29,0,0.01,0.0,0.0,0.08,0.08,0.01,1.82,0.09,0.08,0.06,0.08,0.08,1.39,0.06,0.08,0.06,0.06,0.08,0.08,0.06,0.06,0.0,99.99,0.06,0.08,0.1,0.08,0.0,0.0,0.0,0.2,0.1,0.12,0.06,0.09,0.08,0.04,0.1,0.08,0.08,0.08,4.24,5.29,2.94,0.08,0.12,0.02,0.06,0.01,0.08,0.0,0.08,
GCF_000817775.2_ASM81777v2_genomic,0.05,0.04,0.05,0.27,0.01,0.04,0.04,0.05,0.0,0.0,0.06,0.04,0.0,0.04,0.04,0.05,0.0,0.02,0.02,0.0,0.05,0.04,0.0,0.05,0.04,0.0,0.0,0.05,0.0,0.09,0.31,0.05,0.02,0.0,0.05,0.0,0.02,0.0,0.05,0.48,0.5,0.0,0.01,0.04,0.0,0.04,0.04,0.01,0.05,0.0,0.05,0.0,0.0,0.0,0.0,0.5,0.02,0.04,0.09,0.08,0.04,0.05,0.05,0.02,0.09,0.0,0.0,0.0,0.05,0.05,0.05,0.0,0.0,0.0,0.0,0.07,0.04,0.0,0.06,0.04,0.07,0.28,0.04,0.06,0.05,0.27,0.1,0.17,0.06,0.04,0.05,0.29,0.04,0.0,0.05,99.7,0.04,0.05,0.06,0.01,0,0.0,0.06,0.08,0.05,0.24,0.04,0.08,0.02,0.05,0.04,0.04,0.02,0.0,0.06,0.05,0.04,0.0,0.05,0.23,0.0,0.04,0.0,0.04,
2915080438,0.09,1.62,0.08,0.06,0.02,0.07,0.13,0.09,0.0,0.0,0.08,0.1,22.2,0.61,0.23,0.08,9.26,0.03,0.05,0.04,0.08,1.31,1.82,0.08,0.06,0,0,0.02,0.0,0.08,0.07,0.81,0.31,0.0,0.12,1.74,0.03,1.39,0.51,0.07,0.06,0.0,0.0,0.14,0.07,0.52,0.08,0.0,0.08,0.01,0.11,0.04,0.57,0.66,1.14,0.07,0.03,0.07,0.06,0.06,0.06,0.09,0.08,2.07,0.08,0.0,0.0,0.03,0.08,0.07,0.08,0.0,0.85,10.53,0.42,0.08,1.05,2.2,0.08,0.08,0.08,0.07,2.32,0.08,0.09,0.07,0.09,0.06,0.06,6.12,1.46,0.06,0.03,0.0,0.08,0.07,100.0,0.06,0.06,0.0,0.0,1.68,0.1,0.08,0.06,0.07,1.75,0.09,1.76,0.08,1.57,1.0,0.03,0.0,0.08,0.08,6.36,0.0,0.06,0.06,0,0.21,0.95,1.49,
GCF_002776575.1_ASM277657v1_genomic,0.49,0.13,0.53,0.13,0.04,0.12,0.16,0.42,0.31,0.41,0.22,0.12,0.0,0.12,0.17,0.61,0.0,0.06,0.23,0.0,0.45,0.12,0.0,0.59,0.13,0.0,0.0,0.0,0.15,1.22,0.13,0.15,0.06,0.13,0.14,0.0,0.06,0.0,0.13,0.14,0.13,0.0,0.24,0.15,0.01,0.12,0.18,0.01,0.96,0.0,0.14,0.0,0.0,0.0,0.0,0.13,0.05,0.12,0.25,0.35,0.13,0.62,0.64,0.04,0.17,0.4,0.0,0.06,0.41,0.2,0.59,0.01,0.0,0.0,0.0,0.19,0.12,0.01,0.42,0.19,0.19,0.13,0.12,0.19,0.53,0.13,0.24,0.13,0.12,0.12,0.12,0.15,0.16,0.19,0.66,0.13,0.12,100.0,0.12,0.25,0.01,0.0,0.36,0.84,4.29,0.13,0.12,0.25,0.01,1.0,0.13,0.13,0.09,0.36,0.53,0.57,0.12,0.1,6.41,0.16,0,0.12,0.0,0.11,
GCF_009938185.1_ASM993818v1_genomic,0.33,0.39,0.32,0.64,0.07,2.23,0.34,0.35,0.46,0.42,0.69,0.41,0.36,0.37,0.38,0.32,0.39,0.32,0.41,0.63,0.34,0.85,0.48,0.78,1.92,0,0.0,0.35,0.42,1.04,1.01,0.6,0.32,0.57,0.28,0.35,0.12,0.35,0.4,0.42,0.86,1.24,0.46,1.53,0.59,0.9,0.42,0.07,1.02,0.37,0.63,0.36,0.51,0.37,0.51,0.65,0.32,2.23,1.23,0.52,1.77,0.32,1.01,1.69,0.71,0.46,0.57,0.3,0.32,1.43,0.78,0,0.52,0.4,0.4,0.66,0.28,0.39,0.34,1.43,0.66,0.68,0.31,0.7,0.34,0.26,0.66,0.69,6.91,0.28,0.37,0.96,0.38,0.78,0.32,0.38,0.26,0.28,100.0,0.73,0,0.46,1.13,1.0,0.99,0.84,0.38,0.65,0.74,1.02,0.64,0.88,0.51,0.45,0.35,0.34,0.27,0.25,0.67,0.98,0.0,0.89,0.51,0.7,
2718218442,0.16,0.0,0.2,0.2,0.0,0.23,0.0,0.21,0.4,0.36,0.44,0.0,0.05,0.0,0.0,0.16,0.17,0.07,0.12,0.2,0.15,0.17,0.17,0.54,0.25,0.01,0.04,0.13,0.44,1.15,0.12,0.07,0.06,0.4,0.02,0.12,0.0,0.17,0.0,0.0,0.17,0.28,0.31,0.0,0.18,0.09,0.01,0.09,0.8,0.12,0.12,0.12,0.16,0.1,0.16,0.18,0.08,0.23,2.35,1.29,0.23,0.2,0.32,0.18,0.28,0.32,0.19,0.07,0.13,0.24,0.54,0.0,0.11,0.17,0.05,0.54,0.0,0.11,0.12,0.02,0.45,0.12,0.0,0.36,0.17,0.0,0.37,0.13,0.24,0.0,0.0,0.26,0.22,4.23,0.11,0.02,0.0,0.28,0.26,100.0,0.01,0.17,0.28,0.97,0.66,0.12,0.0,0.37,0.01,0.55,0.17,0.17,0.21,0.34,0.21,0.2,0.0,0.17,0.94,0.34,0,0.18,0.17,0.17,
2509276001,0.0,0.0,0.0,0.0,0,0.0,0,0.0,0.0,0.0,0.0,0.0,0.0,0.0,0,0.0,0.0,1.72,0.0,0.02,0.0,0.01,0.0,0.0,0.0,0.23,0.0,0,0.01,0.0,0.0,0,0.01,0.02,0.0,0,0,0.0,0.0,0.0,0.0,0,0.0,0,0,0,0.0,0.14,0.0,0.0,0,0,0.02,0.02,0.0,0.0,0.0,0.0,0.0,0.0,0.0,0.0,0.0,0,0.01,0.0,0.02,1.29,0.0,0.0,0.0,0.18,0.0,0.0,0.0,0.0,0,0.01,0.01,0.0,0.01,0.0,0,0.0,0.0,0,0.01,0,0.01,0.0,0.0,0.0,0.01,0.0,0.0,0,0.0,0.01,0,0.0,96.91,0.0,0.0,0.01,0.02,0.0,0,0.0,0.0,0.01,0,0.01,0,0.01,0.01,0.0,0.0,0.0,0.0,0.0,0.0,0.02,0.01,0.0,
JAEPJQ01.fasta,0.0,0.9,0.0,0.06,0.02,0.08,0.04,0.0,0.08,0.09,0.07,0.48,2.97,0.78,0.11,0.0,3.5,0.03,0.04,0.09,0.0,0.29,2.08,0.08,0.08,0.0,0,0.06,0.08,0.09,0.06,1.04,1.48,0.0,0.0,1.49,0.02,1.51,0.11,0.0,0.06,0.06,0.08,0.07,0.3,0.11,0.01,0,0.09,0.05,0.12,0.24,0.88,0.57,1.98,0.06,0.04,0.08,0.04,0.0,0.09,0.0,0.08,1.18,0.08,0.08,0.12,0.03,0.0,0.09,0.08,0.0,0.21,2.54,0.61,0.07,2.05,6.75,0.0,0.0,0.08,0.06,5.06,0.07,0.0,0.0,0.08,0.06,0.07,2.82,1.0,0.06,0.0,0.02,0.0,0.0,0.07,0.0,0.08,0.08,0.0,100.0,0.09,0.08,0.08,0.06,1.67,0.08,1.88,0.08,0.29,0.57,0.03,0.08,0.0,0.0,2.73,0.03,0.06,0.06,0.0,0.11,0.25,0.91,
GCF_018282095.1_ASM1828209v1_genomic,0.45,0.22,0.58,0.27,0.05,0.4,0.24,0.54,0.49,0.24,0.35,0.23,0.12,0.25,0.25,0.35,0.13,0.12,0.53,0.15,0.65,0.33,0.12,0.77,0.4,0,0.0,0.12,0.42,0.73,0.26,0.28,0.13,0.11,0.23,0.11,0.08,0.11,0.24,0.24,0.26,0.17,0.34,0.29,0.13,0.34,0.23,0.0,1.25,0.07,0.25,0.1,0.12,0.12,0.1,0.25,0.12,0.4,0.44,0.27,0.46,0.38,0.65,0.29,0.34,0.48,0.12,0.13,0.59,0.48,0.77,0.03,0.13,0.11,0.11,0.26,0.22,0.13,0.49,0.29,0.25,0.24,0.24,0.26,0.41,0.17,0.35,0.25,0.38,0.25,0.24,0.36,0.17,0.18,0.66,0.23,0.24,0.37,0.44,0.15,0.0,0.12,100.0,0.71,0.58,0.25,0.25,0.26,0.13,1.21,0.37,0.35,0.15,0.5,0.48,0.47,0.24,0.19,0.53,0.37,0.01,0.36,0.12,0.36,
2718217747,0.46,0.05,0.41,0.12,0.02,0.13,0.06,0.52,0.62,0.93,0.42,0.06,0.05,0.05,0.05,0.87,0.06,0.05,0.16,0.06,0.46,0.09,0.06,0.9,0.13,0.01,0.0,0.05,0.48,3.83,0.09,0.08,0.05,0.1,0.08,0.06,0.02,0.06,0.05,0.06,0.09,0.1,0.62,0.06,0.06,0.09,0.06,0.15,4.78,0.05,0.09,0.04,0.05,0.06,0.06,0.1,0.04,0.13,0.56,0.93,0.14,0.84,0.76,0.09,0.35,0.5,0.06,0.06,0.48,0.17,0.9,0.0,0.04,0.05,0.04,0.53,0.06,0.06,0.51,0.07,0.53,0.09,0.06,0.27,0.91,0.05,0.52,0.09,0.13,0.05,0.04,0.16,0.24,0.91,0.72,0.09,0.06,0.59,0.13,0.59,0.02,0.06,0.48,100.0,1.04,0.08,0.06,0.44,0.03,3.89,0.11,0.12,0.09,0.43,0.46,0.59,0.06,0.2,1.58,0.32,0,0.09,0.04,0.12,
2718217850,0.32,0.07,0.25,0.12,0.02,0.17,0.08,0.46,0.44,0.63,0.17,0.07,0.05,0.07,0.06,0.49,0.06,0.06,0.3,0.08,0.35,0.15,0.07,0.51,0.18,0.0,0.01,0.06,0.46,1.48,0.12,0.1,0.06,0.09,0.07,0.06,0.03,0.05,0.07,0.06,0.11,0.1,0.53,0.05,0.08,0.14,0.08,0.02,0.27,0.05,0.1,0.05,0.07,0.05,0.07,0.11,0.06,0.17,0.36,0.09,0.16,0.57,0.22,0.08,0.15,0.26,0.08,0.06,0.49,0.17,0.51,0.0,0.07,0.05,0.07,0.17,0.05,0.08,0.56,0.08,0.15,0.12,0.05,0.15,0.76,0.06,0.22,0.12,0.17,0.06,0.07,0.12,0.06,0.06,0.55,0.07,0.05,3.62,0.17,0.5,0.03,0.07,0.26,0.22,100.0,0.12,0.07,0.16,0.01,0.32,0.11,0.15,0.15,0.29,0.47,0.44,0.05,0.27,0.92,0.12,0.0,0.15,0.07,0.11,
2503982036,0.11,0.1,0.11,0.26,0.03,0.13,0.11,0.11,0.04,0.04,0.19,0.1,0.03,0.1,0.1,0.11,0.04,0.02,0.07,0.03,0.11,0.13,0.04,0.14,0.23,0,0.0,0.4,0.04,0.15,3.97,0.12,0.06,0.0,0.11,0.04,0.06,0.04,0.1,0.3,0.72,0.04,0.04,0.08,0.04,0.13,0.1,0.0,0.15,0.05,0.15,0.04,0.03,0.04,0.04,0.59,0.07,0.13,0.13,0.11,0.13,0.11,0.15,0.07,0.19,0.04,0.03,0.02,0.12,0.14,0.14,0.0,0.03,0.04,0.03,0.19,0.11,0.05,0.12,0.11,0.2,3.26,0.11,0.19,0.11,2.59,0.19,2.83,0.14,0.1,0.11,0.29,0.1,0.03,0.12,0.37,0.11,0.11,0.19,0.03,0.0,0.04,0.14,0.13,0.16,100.0,0.11,0.19,0.03,0.15,0.14,0.15,0.07,0.04,0.12,0.11,0.11,0.02,0.16,0.26,0,0.14,0.04,0.14,
VTZU01.fasta,0.04,0.79,0.05,0.04,0.01,0.05,0.13,0.04,0.0,0.0,0.04,0.03,0.27,0.36,0.17,0.05,0.29,0.02,0.03,0.0,0.04,0.43,6.45,0.05,0.05,0,0.0,0.01,0.0,0.05,0.04,0.56,0.34,0.0,0.06,0.57,0.02,0.66,0.26,0.04,0.03,0.0,0.0,0.07,0.03,0.19,0.06,0.0,0.05,0.0,0.07,0.12,0.18,0.21,1.33,0.04,0.01,0.05,0.05,0.05,0.05,0.05,0.04,0.74,0.05,0.0,0.0,0.02,0.04,0.06,0.05,0.0,0.18,0.52,0.39,0.04,0.35,0.49,0.04,0.05,0.04,0.03,0.45,0.05,0.05,0.03,0.05,0.03,0.05,0.26,0.31,0.04,0.02,0.0,0.05,0.04,0.42,0.03,0.05,0.0,0,0.39,0.05,0.04,0.04,0.03,100.0,0.05,0.55,0.05,0.23,0.0,0.02,0.0,0.04,0.04,0.21,0.0,0.04,0.04,0,0.2,0.33,0.0,
GCF_001877055.1_ASM187705v1_genomic,0.07,0.05,0.07,0.21,0.02,0.18,0.05,0.06,0.23,0.25,4.77,0.05,0.21,0.05,0.05,0.11,0.2,0.1,0.14,0.23,0.06,0.23,0.2,0.28,0.18,0.0,0.0,0.19,0.21,0.47,0.19,0.13,0.09,0.11,0.05,0.2,0.02,0.19,0.05,0.04,0.27,0.18,0.21,0.04,0.21,0.22,0.06,0.05,0.35,0.16,0.19,0.19,0.18,0.21,0.19,0.27,0.12,0.18,0.42,0.28,0.19,0.07,0.32,0.13,2.38,0.22,0.23,0.1,0.06,0.28,0.28,0.0,0.2,0.18,0.18,5.72,0.05,0.22,0.06,0.05,5.14,0.2,0.05,2.38,0.08,0.05,8.0,0.19,0.19,0.05,0.05,0.24,0.22,0.38,0.12,0.08,0.05,0.1,0.19,0.33,0.0,0.19,0.21,0.54,0.32,0.25,0.05,100.0,0.02,0.3,0.24,0.25,0.16,0.22,0.08,0.05,0.05,0.1,0.41,0.31,0.0,0.24,0.19,0.24,
BLII01.fasta,0.01,0.37,0.01,0.01,0.02,0.09,0.05,0.01,0.0,0.0,0.01,0.08,0.52,0.26,0.06,0.01,0.64,0.02,0.01,0.01,0.01,0.21,0.58,0.01,0.1,0.0,0.0,0.0,0.0,0.02,0.01,0.22,0.27,0.07,0.03,2.37,0.0,0.61,0.17,0.01,0.02,0.32,0.0,4.74,0.11,0.0,0.01,0,0.02,0.02,0.0,0.09,0.19,0.0,0.73,0.01,0.02,0.09,0.02,0.02,0.18,0.01,0.01,35.49,0.02,0.0,0.02,0.01,0.03,0.02,0.01,0.0,0.13,0.54,0.0,0.02,0.55,0.55,0.01,0.58,0.01,0.01,0.45,0.02,0.02,0.01,0.02,0.01,0.06,0.54,0.29,0.01,0.01,0.0,0.01,0.01,0.33,0.0,0.01,0.0,0.0,0.4,0.02,0.01,0.02,0.01,0.56,0.02,100.0,0.02,0.05,0.15,0.06,0.0,0.01,0.01,0.44,0.01,0.0,0.01,0.0,0.0,0.12,0.2,
2718217812,0.67,0.13,0.74,0.17,0.03,0.23,0.15,0.78,0.85,0.93,0.45,0.13,0.07,0.1,0.13,1.06,0.07,0.1,0.34,0.07,0.87,0.15,0.07,1.04,0.22,0.0,0.03,0.08,0.49,1.87,0.16,0.17,0.08,0.17,0.14,0.07,0.05,0.07,0.1,0.13,0.16,0.1,0.83,0.13,0.05,0.15,0.13,0.05,20.61,0.05,0.13,0.05,0.05,0.06,0.07,0.16,0.07,0.23,0.55,0.4,0.23,0.97,1.02,0.16,0.19,0.99,0.07,0.07,0.83,0.24,1.04,0.0,0.05,0.07,0.06,0.38,0.13,0.07,0.72,0.11,0.4,0.16,0.12,0.2,1.05,0.11,0.41,0.16,0.23,0.13,0.1,0.17,0.12,0.56,1.05,0.11,0.13,0.82,0.23,0.38,0.01,0.06,1.28,4.48,1.29,0.16,0.14,0.3,0.07,100.0,0.22,0.2,0.09,0.95,0.63,0.82,0.13,0.26,1.07,0.22,0,0.16,0.05,0.2,
GCF_000723205.1_FAGA1_genomic,0.13,2.63,0.14,0.21,0.04,0.21,0.22,0.14,0.14,0.14,0.24,1.09,4.76,1.53,0.58,0.14,5.58,0.05,0.12,0.1,0.14,1.79,3.0,0.27,0.22,0,0.0,0.15,0.13,0.28,0.23,2.16,1.2,0.0,0.2,2.43,0.07,5.15,0.68,0.12,0.22,0.1,0.13,0.21,0.37,1.59,0.13,0,0.26,0.08,0.55,0.36,2.51,7.19,2.6,0.24,0.08,0.21,0.2,0.12,0.22,0.14,0.27,2.96,0.24,0.14,0.11,0.05,0.13,0.25,0.27,0,0.87,8.2,1.25,0.24,4.53,5.95,0.13,0.14,0.24,0.23,9.2,0.24,0.14,0.12,0.25,0.23,0.19,7.23,2.67,0.21,0.06,0.08,0.14,0.12,3.74,0.12,0.24,0.12,0,5.06,0.29,0.24,0.2,0.22,2.09,0.24,2.31,0.29,99.44,4.02,0.12,0.14,0.13,0.14,7.36,0.04,0.21,0.22,0,1.42,1.28,29.93,
649633031,0.2,1.51,0.2,0.26,0.05,0.36,0.37,0.2,0.14,0.14,0.34,4.39,2.27,2.88,0.35,0.2,2.42,0.13,0.18,0.14,0.2,4.11,2.22,0.34,0.33,0,0.0,0.15,0.13,0.36,0.26,1.03,2.69,0.0,0.28,2.08,0.07,3.08,1.52,0.15,0.26,0.1,0.13,0.27,0.44,1.44,0.2,0,0.34,0.1,0.53,0.31,4.49,2.64,2.09,0.27,0.12,0.36,0.3,0.2,0.33,0.2,0.34,2.13,0.31,0.14,0.15,0.07,0.2,0.37,0.34,0.01,2.12,3.75,1.03,0.31,2.87,1.85,0.2,0.19,0.33,0.26,4.09,0.31,0.2,0.16,0.35,0.26,0.33,3.21,6.33,0.26,0.07,0.09,0.2,0.16,1.71,0.16,0.34,0.14,0.04,2.21,0.36,0.34,0.31,0.26,1.83,0.34,2.63,0.33,3.61,100.0,0.11,0.14,0.2,0.2,3.86,0.05,0.27,0.27,0,3.92,5.03,4.0,
2519899636,0.03,0.02,0.05,0.03,0.01,0.03,0.0,0.06,0.01,0.02,0.03,0.02,0.0,0.0,0.02,0.04,0.0,0.06,0.07,0.03,0.05,0.05,0.0,0.02,0.03,0.01,0.0,0.03,0.05,0.03,0.03,0.05,0.0,0.42,0.02,0.0,0.02,0.0,0.0,0.0,0.03,0.35,0.02,0.04,0.03,0.02,0.0,0.0,0.03,0.05,0.02,0.0,0.02,0.0,0.03,0.03,0.05,0.03,0.0,0.03,0.03,0.04,0.03,0.14,0.03,0.02,0.05,0.05,0.04,0.03,0.02,0.01,0.01,0.03,0.03,0.03,0.03,0.0,0.03,0.17,0.03,0.03,0.02,0.03,0.02,0.0,0.03,0.03,0.03,0.03,0.0,0.03,0.0,0.0,0.07,0.0,0.02,0.0,0.03,0.0,0,0.03,0.03,0.03,0.02,0.03,0.02,0.03,0.12,0.03,0.02,0.02,100.0,0.02,0.06,0.04,0.02,0.06,0.03,0.03,0.01,0.02,0.03,0.02,
2911658885,6.22,0.0,21.26,0.06,0.0,0.08,0.0,28.72,33.3,9.86,0.07,0.0,0.07,0.0,0.0,18.42,0.07,0.03,1.37,0.07,22.43,0.06,0.06,0.14,0.06,0.0,0.0,0.06,26.36,0.13,0.06,0.03,0.03,0.2,0.0,0.07,0.0,0.07,0.01,0.0,0.06,0.09,24.83,0.0,0.06,0.07,0.0,0.01,0.1,0.04,0.05,0.05,0.07,0.07,0.07,0.06,0.04,0.08,0.05,0.0,0.07,25.98,0.1,0.06,0.07,50.03,0.07,0.03,10.6,0.08,0.14,0.0,0.07,0.07,0.07,0.07,0.0,0.07,7.76,0.0,0.07,0.06,0.0,0.07,17.69,0.0,0.07,0.06,0.05,0.0,0.0,0.06,0.0,0.05,3.84,0.0,0.0,0.0,0.07,0.07,0.0,0.07,0.12,0.09,0.09,0.06,0.0,0.07,0.0,0.09,0.07,0.07,0.03,100.0,6.09,10.62,0.0,0.18,0.02,0.06,0,0.07,0.07,0.07,
2923893812,12.89,0.06,9.55,0.06,0.01,0.08,0.05,13.58,13.74,7.39,0.08,0.08,0.0,0.08,0.06,20.03,0.0,0.03,2.72,0.0,11.33,0.07,0.0,0.6,0.06,0.0,0.0,0.0,10.71,0.09,0.06,0.08,0.03,0.04,0.06,0.0,0.03,0.0,0.08,0.05,0.06,0.05,11.07,0.07,0.0,0.07,0.07,0.0,0.13,0.01,0.05,0.0,0.0,0.0,0.0,0.06,0.02,0.08,0.05,0.08,0.08,15.17,0.49,0.02,0.07,9.54,0.0,0.03,22.06,0.08,0.6,0.0,0.0,0.0,0.0,0.07,0.06,0.01,47.92,0.08,0.07,0.06,0.07,0.07,2.55,0.05,0.08,0.06,0.05,0.07,0.08,0.06,0.05,0.0,5.26,0.06,0.07,0.09,0.08,0.0,0.01,0.0,0.11,0.12,0.09,0.06,0.07,0.08,0.03,0.09,0.07,0.07,0.06,12.24,100.0,6.68,0.07,0.17,0.1,0.06,0,0.07,0.0,0.07,
2920833842,39.93,0.06,1.5,0.06,0.02,0.08,0.05,29.89,4.78,21.03,0.08,0.08,0.0,0.08,0.07,9.09,0.01,0.03,1.75,0.0,64.26,0.07,0.0,0.88,0.06,0.02,0.0,0.0,20.42,0.18,0.06,0.08,0.03,0.08,0.07,0.0,0.03,0.0,0.08,0.06,0.06,0.05,22.12,0.08,0.0,0.08,0.08,0.0,0.26,0.01,0.06,0.0,0.0,0.0,0.0,0.06,0.03,0.08,0.06,0.1,0.08,10.44,0.77,0.03,0.1,15.91,0.0,0.05,9.22,0.09,0.88,0.02,0.0,0.0,0.0,0.09,0.07,0.01,5.72,0.09,0.13,0.06,0.07,0.09,18.79,0.06,0.1,0.06,0.06,0.08,0.08,0.06,0.06,0.03,4.86,0.06,0.08,0.23,0.08,0.01,0.0,0.0,0.15,0.29,0.29,0.06,0.07,0.08,0.03,0.25,0.07,0.08,0.04,9.99,5.84,100.0,0.07,0.09,0.17,0.08,0,0.08,0.0,0.07,
QFRI01.fasta,0.09,1.9,0.1,0.07,0.02,0.07,0.19,0.09,0.0,0.0,0.09,1.1,6.21,1.7,0.28,0.1,6.27,0.06,0.06,0.01,0.09,1.26,2.75,0.1,0.07,0,0.0,0.02,0.0,0.1,0.08,0.91,0.96,0.0,0.13,2.73,0.03,3.75,0.44,0.08,0.07,0.0,0.0,0.15,0.08,0.0,0.08,0,0.1,0.01,0.13,0.06,1.74,9.99,2.75,0.08,0.03,0.07,0.03,0.08,0.07,0.1,0.1,3.42,0.09,0.0,0.01,0.03,0.09,0.08,0.1,0.0,0.54,4.0,0.3,0.09,3.14,15.23,0.09,0.07,0.09,0.08,12.4,0.09,0.1,0.08,0.1,0.07,0.07,9.5,2.39,0.07,0.07,0.0,0.1,0.07,6.71,0.07,0.07,0.0,0.0,13.6,0.11,0.09,0.07,0.08,2.78,0.1,3.88,0.09,6.32,3.58,0.03,0.0,0.09,0.09,100.0,0.0,0.07,0.08,0.01,0.24,1.15,6.64,
2515154130,0.15,0.0,0.14,0.03,0.0,0.03,0.0,0.08,0.16,0.13,0.03,0.0,0.03,0.0,0.0,0.09,0.03,0.04,0.14,0.03,0.19,0.03,0.03,0.03,0.03,0.01,0.0,0.03,0.14,0.09,0.03,0.03,0.0,0.02,0.0,0.03,0,0.03,0.0,0.0,0.03,0.16,0.11,0.03,0.03,0.03,0.0,0.01,0.03,0.03,0.03,0.03,0.03,0.03,0.03,0.03,0.03,0.03,0.03,0.0,0.03,0.13,0.03,0.02,0.03,0.19,0.05,0.03,0.07,0.03,0.03,0.0,0.05,0.04,0.03,0.03,0.0,0.03,0.12,0.0,0.03,0.03,0.0,0.03,0.04,0.0,0.03,0.03,0.03,0.0,0.0,0.03,0.0,0.03,0.09,0.0,0.0,0.0,0.03,0.03,0.0,0.03,0.03,0.04,0.03,0.03,0.0,0.03,0.01,0.03,0.03,0.03,0.06,0.21,0.17,0.1,0.0,99.96,0.03,0.03,0.0,0.03,0.03,0.03,
2718217928,0.24,0.05,0.48,0.12,0.02,0.11,0.08,0.61,0.68,0.69,0.3,0.06,0.06,0.06,0.08,0.85,0.06,0.08,0.25,0.08,0.51,0.11,0.07,0.85,0.13,0.0,0.01,0.06,0.62,2.36,0.12,0.1,0.04,0.1,0.08,0.06,0.03,0.06,0.06,0.06,0.12,0.11,0.51,0.09,0.06,0.12,0.08,0.1,1.42,0.05,0.1,0.05,0.06,0.06,0.06,0.13,0.05,0.11,0.55,0.45,0.12,0.78,0.71,0.05,0.21,0.48,0.08,0.05,0.73,0.17,0.85,0.0,0.06,0.06,0.06,0.38,0.06,0.08,0.49,0.09,0.23,0.12,0.06,0.18,0.9,0.06,0.37,0.12,0.11,0.06,0.06,0.15,0.15,0.65,0.61,0.06,0.06,5.55,0.11,0.75,0.0,0.06,0.32,2.01,7.15,0.13,0.06,0.37,0.01,1.08,0.11,0.12,0.07,0.51,0.53,0.55,0.06,0.13,100.0,0.16,0.0,0.11,0.06,0.11,
GCF_014280235.1_ASM1428023v1_genomic,0.15,0.09,0.13,3.96,0.03,0.27,0.09,0.1,0.22,0.2,0.67,0.1,0.19,0.09,0.1,0.12,0.19,0.11,0.19,0.18,0.17,0.29,0.19,0.37,0.43,0.01,0,0.35,0.19,0.61,0.61,0.19,0.09,0.25,0.11,0.19,0.05,0.18,0.1,0.69,0.63,0.18,0.2,0.07,0.18,0.27,0.14,0.03,0.42,0.18,0.29,0.19,0.19,0.19,0.18,0.59,0.15,0.27,0.79,0.38,0.27,0.13,0.32,0.08,0.45,0.24,0.18,0.1,0.12,0.45,0.37,0,0.19,0.19,0.18,0.73,0.09,0.2,0.11,0.09,0.7,0.54,0.09,0.49,0.11,0.17,0.61,0.47,0.3,0.1,0.1,9.4,0.35,0.5,0.29,0.48,0.1,0.13,0.42,0.49,0.0,0.18,0.42,0.79,0.38,0.51,0.1,0.56,0.02,0.39,0.29,0.29,0.21,0.2,0.1,0.14,0.1,0.11,0.36,100.0,0,0.28,0.19,0.29,
2695420979,0.01,0,0,0,0.0,0.0,0,0.0,0,0,0,0,0.0,0,0.0,0,0,0.0,0,0.01,0.01,0,0,0.0,0,0,0.06,0,0,0,0.01,0.0,0,0.0,0,0,0,0.0,0.0,0,0.0,0.0,0,0.0,0.0,0.01,0,0,0.0,0,0.01,0,0,0,0.0,0.01,0.0,0.0,0,0.0,0.0,0,0.0,0.0,0,0,0,0.02,0,0.0,0.0,0.0,0,0.01,0,0.0,0,0.0,0,0.0,0,0.01,0.0,0.0,0,0.0,0,0.01,0.0,0,0.01,0,0,0,0.02,0.0,0,0,0.01,0,0.0,0.0,0.05,0,0.0,0,0,0.0,0.0,0,0,0,0.03,0,0,0,0.01,0.0,0.0,0,100.0,0.0,0,0.0,
2619619092,0.06,0.56,0.06,0.09,0.01,0.12,0.1,0.06,0.06,0.06,0.12,4.15,0.75,2.97,0.19,0.06,0.53,0.02,0.06,0.07,0.06,2.16,0.68,0.12,0.13,0,0.0,0.06,0.06,0.13,0.09,0.83,2.08,0.0,0.11,0.43,0.02,0.55,15.82,0.04,0.09,0.06,0.06,0.1,0.2,2.1,0.07,0,0.09,0.04,0.19,0.11,15.44,0.86,0.61,0.13,0.04,0.12,0.12,0.06,0.13,0.06,0.12,0.46,0.12,0.06,0.07,0.03,0.06,0.13,0.12,0,1.97,0.53,4.73,0.12,0.6,0.69,0.06,0.07,0.12,0.09,0.73,0.12,0.06,0.05,0.12,0.09,0.13,0.39,4.23,0.09,0.02,0.04,0.06,0.05,0.5,0.04,0.13,0.06,0.02,0.46,0.13,0.09,0.12,0.09,0.73,0.12,0.24,0.1,0.95,3.21,0.04,0.06,0.06,0.06,0.41,0.02,0.09,0.09,0.0,100.0,5.7,0.77,
JAGJEC01.fasta,0.0,0.94,0.0,0.06,0.0,0.08,0.15,0.0,0.08,0.08,0.07,3.09,0.7,0.65,0.08,0.0,0.48,0.0,0.03,0.12,0.0,10.09,0.93,0.08,0.08,0,0.0,0.06,0.08,0.09,0.06,0.57,2.47,0.0,0.0,0.59,0.0,0.94,6.82,0.0,0.06,0.06,0.08,0.01,0.23,0.0,0.0,0,0.06,0.05,0.1,0.15,2.78,0.91,0.46,0.06,0.03,0.08,0.08,0.0,0.08,0.0,0.08,0.93,0.07,0.08,0.09,0.0,0.0,0.09,0.08,0.01,3.25,1.33,1.65,0.07,0.47,0.4,0.0,0.0,0.07,0.06,0.55,0.07,0.0,0.0,0.08,0.06,0.08,0.58,12.65,0.06,0.0,0.06,0.0,0.0,0.86,0.0,0.08,0.08,0.02,0.31,0.08,0.06,0.08,0.06,1.0,0.08,0.58,0.06,0.0,2.99,0.03,0.08,0.0,0.0,0.77,0.03,0.06,0.06,0,1.26,100.0,0.76,
2791354970,0.22,2.24,0.24,0.36,0.05,0.26,0.5,0.22,0.08,0.08,0.28,1.62,4.26,1.45,0.44,0.24,4.88,0.15,0.17,0.08,0.22,1.41,1.77,0.31,0.27,0.0,0.0,0.12,0.08,0.3,0.23,1.32,1.34,0.0,0.31,2.92,0.08,3.24,0.59,0.18,0.23,0.06,0.07,0.32,0.21,1.01,0.17,0,0.31,0.07,0.59,0.19,1.8,6.41,2.22,0.24,0.11,0.26,0.21,0.18,0.21,0.24,0.29,2.67,0.28,0.08,0.06,0.15,0.22,0.28,0.31,0,0.85,7.21,0.46,0.28,3.31,6.26,0.22,0.18,0.29,0.24,8.38,0.28,0.24,0.18,0.32,0.23,0.25,7.07,2.84,0.37,0.08,0.05,0.23,0.17,3.52,0.16,0.25,0.08,0.0,4.97,0.34,0.3,0.22,0.22,1.69,0.29,3.19,0.31,29.46,4.43,0.11,0.08,0.22,0.22,7.39,0.03,0.22,0.24,0.0,1.28,1.63,100.0,
